ParentLocationCode,Location,Period,FactValueNumeric
AFR,Comoros,2021,200.0
EMR,Bahrain,2021,500.0
EUR,Iceland,2021,500.0
EMR,Qatar,2021,500.0
EUR,Montenegro,2021,500.0
AFR,Zimbabwe,2021,1300000.0
AFR,Zambia,2021,1300000.0
AFR,Kenya,2021,1400000.0
AFR,Uganda,2021,1400000.0
AFR,United Republic of Tanzania,2021,1700000.0
AFR,Nigeria,2021,1900000.0
EUR,Azerbaijan,2021,10000.0
EUR,Kyrgyzstan,2021,10000.0
EMR,Yemen,2021,10000.0
AMR,Trinidad and Tobago,2021,11000.0
EMR,Afghanistan,2021,11000.0
AMR,Nicaragua,2021,11000.0
AFR,Togo,2021,110000.0
AFR,Mali,2021,110000.0
AFR,Chad,2021,110000.0
AFR,Mauritius,2021,12000.0
AFR,Eritrea,2021,12000.0
AFR,Guinea,2021,120000.0
EUR,Slovakia,2021,1200.0
EUR,Tajikistan,2021,13000.0
AFR,Congo,2021,130000.0
SEAR,Bhutan,2021,1300.0
EUR,Italy,2021,140000.0
AMR,Argentina,2021,140000.0
WPR,Philippines,2021,140000.0
SEAR,Timor-Leste,2021,1400.0
EUR,Cyprus,2021,1400.0
EUR,Luxembourg,2021,1400.0
EUR,Albania,2021,1400.0
WPR,Fiji,2021,1400.0
AMR,Uruguay,2021,15000.0
EUR,Republic of Moldova,2021,15000.0
SEAR,Bangladesh,2021,15000.0
WPR,Lao People's Democratic Republic,2021,15000.0
AMR,Haiti,2021,150000.0
AMR,Paraguay,2021,16000.0
EUR,Spain,2021,160000.0
EUR,Switzerland,2021,17000.0
AMR,Costa Rica,2021,17000.0
EUR,Greece,2021,17000.0
AMR,Colombia,2021,170000.0
AFR,South Sudan,2021,170000.0
EUR,Croatia,2021,1800.0
EUR,France,2021,190000.0
SEAR,India,2021,2400000.0
EUR,Romania,2021,20000.0
AFR,Algeria,2021,21000.0
EMR,Pakistan,2021,210000.0
AMR,Honduras,2021,22000.0
AFR,Namibia,2021,220000.0
AFR,Eswatini,2021,220000.0
EMR,Morocco,2021,23000.0
AFR,Rwanda,2021,230000.0
EUR,Netherlands,2021,24000.0
WPR,Viet Nam,2021,240000.0
EUR,Ukraine,2021,240000.0
AMR,Barbados,2021,2400.0
AMR,El Salvador,2021,25000.0
EMR,Oman,2021,2500.0
AFR,Gambia,2021,26000.0
AMR,Bolivia (Plurinational State of),2021,26000.0
AFR,Cabo Verde,2021,2600.0
SEAR,Myanmar,2021,270000.0
EUR,Belarus,2021,28000.0
AFR,Lesotho,2021,290000.0
AFR,Niger,2021,30000.0
WPR,Australia,2021,30000.0
AMR,Jamaica,2021,30000.0
SEAR,Nepal,2021,30000.0
EMR,Egypt,2021,30000.0
EMR,Lebanon,2021,3000.0
AMR,Guatemala,2021,31000.0
AFR,Angola,2021,320000.0
EUR,Bulgaria,2021,3200.0
AFR,Liberia,2021,34000.0
EUR,Kazakhstan,2021,35000.0
AFR,Ghana,2021,350000.0
AMR,Belize,2021,3500.0
AMR,Cuba,2021,36000.0
AMR,Mexico,2021,360000.0
AFR,Botswana,2021,360000.0
EUR,Serbia,2021,3600.0
EUR,Lithuania,2021,3600.0
WPR,New Zealand,2021,3600.0
SEAR,Sri Lanka,2021,3600.0
AFR,Côte d’Ivoire,2021,380000.0
AFR,Guinea-Bissau,2021,40000.0
AFR,Senegal,2021,40000.0
EMR,Sudan,2021,41000.0
EUR,Portugal,2021,43000.0
AMR,Bahamas,2021,4500.0
EUR,Norway,2021,4600.0
AFR,Gabon,2021,47000.0
AMR,Ecuador,2021,47000.0
AFR,Cameroon,2021,500000.0
SEAR,Thailand,2021,520000.0
EMR,Iran (Islamic Republic of),2021,53000.0
AFR,Democratic Republic of the Congo,2021,540000.0
SEAR,Indonesia,2021,540000.0
EMR,Tunisia,2021,5400.0
WPR,Papua New Guinea,2021,59000.0
EUR,Uzbekistan,2021,59000.0
AFR,Madagascar,2021,60000.0
EMR,Djibouti,2021,6000.0
AFR,Ethiopia,2021,610000.0
AMR,Suriname,2021,6100.0
WPR,Mongolia,2021,630.0
AFR,Equatorial Guinea,2021,66000.0
EUR,Denmark,2021,6700.0
AFR,Benin,2021,69000.0
AFR,South Africa,2021,7500000.0
WPR,Cambodia,2021,74000.0
AFR,Sierra Leone,2021,76000.0
EMR,Somalia,2021,7700.0
AMR,Dominican Republic,2021,78000.0
EUR,Latvia,2021,7800.0
AFR,Burundi,2021,80000.0
WPR,Singapore,2021,8000.0
EMR,Syrian Arab Republic,2021,810.0
EUR,Georgia,2021,8100.0
WPR,Malaysia,2021,82000.0
EUR,Slovenia,2021,820.0
AFR,Central African Republic,2021,83000.0
EMR,Libya,2021,8300.0
AMR,Chile,2021,84000.0
AFR,Burkina Faso,2021,88000.0
EUR,Ireland,2021,8800.0
AFR,Mauritania,2021,9400.0
AMR,Brazil,2021,960000.0
AMR,Guyana,2021,9700.0
AMR,Peru,2021,98000.0
AMR,Venezuela (Bolivarian Republic of),2021,98000.0
AFR,Malawi,2021,990000.0
AFR,Comoros,2020,200.0
EMR,Bahrain,2020,500.0
EUR,Iceland,2020,500.0
EUR,Montenegro,2020,500.0
EMR,Qatar,2020,500.0
AFR,Zimbabwe,2020,1300000.0
AFR,Zambia,2020,1300000.0
AFR,Uganda,2020,1400000.0
AFR,Kenya,2020,1400000.0
AFR,United Republic of Tanzania,2020,1700000.0
AFR,Nigeria,2020,1900000.0
EMR,Afghanistan,2020,10000.0
EUR,Azerbaijan,2020,10000.0
AMR,Trinidad and Tobago,2020,11000.0
AMR,Nicaragua,2020,11000.0
AFR,Togo,2020,110000.0
AFR,Mali,2020,110000.0
AFR,Chad,2020,110000.0
EUR,Slovakia,2020,1100.0
AFR,Mauritius,2020,12000.0
WPR,Philippines,2020,120000.0
AFR,Guinea,2020,120000.0
AFR,Eritrea,2020,13000.0
EUR,Tajikistan,2020,13000.0
AFR,Congo,2020,130000.0
SEAR,Bhutan,2020,1300.0
SEAR,Timor-Leste,2020,1300.0
EUR,Cyprus,2020,1300.0
EUR,Luxembourg,2020,1300.0
WPR,Fiji,2020,1300.0
AMR,Uruguay,2020,14000.0
SEAR,Bangladesh,2020,14000.0
EUR,Italy,2020,140000.0
AMR,Argentina,2020,140000.0
EUR,Albania,2020,1400.0
EUR,Republic of Moldova,2020,15000.0
WPR,Lao People's Democratic Republic,2020,15000.0
AMR,Haiti,2020,150000.0
EUR,Spain,2020,150000.0
AMR,Costa Rica,2020,16000.0
AMR,Paraguay,2020,16000.0
EUR,Greece,2020,16000.0
EUR,Switzerland,2020,17000.0
AMR,Colombia,2020,170000.0
AFR,South Sudan,2020,170000.0
EUR,Croatia,2020,1700.0
EUR,France,2020,190000.0
SEAR,India,2020,2400000.0
EUR,Romania,2020,20000.0
AFR,Algeria,2020,20000.0
EMR,Pakistan,2020,200000.0
AFR,Namibia,2020,210000.0
AMR,Honduras,2020,22000.0
EMR,Morocco,2020,22000.0
AFR,Eswatini,2020,220000.0
AFR,Rwanda,2020,230000.0
EUR,Netherlands,2020,24000.0
EUR,Ukraine,2020,240000.0
WPR,Viet Nam,2020,240000.0
AMR,Barbados,2020,2400.0
EMR,Oman,2020,2400.0
AMR,Bolivia (Plurinational State of),2020,25000.0
AMR,El Salvador,2020,25000.0
AFR,Cabo Verde,2020,2500.0
AFR,Gambia,2020,26000.0
EMR,Egypt,2020,27000.0
SEAR,Myanmar,2020,270000.0
EUR,Belarus,2020,28000.0
WPR,Australia,2020,29000.0
AMR,Jamaica,2020,29000.0
AFR,Lesotho,2020,290000.0
EMR,Lebanon,2020,2900.0
SEAR,Nepal,2020,30000.0
AFR,Niger,2020,30000.0
AMR,Guatemala,2020,31000.0
AFR,Angola,2020,310000.0
EUR,Bulgaria,2020,3100.0
EUR,Kazakhstan,2020,32000.0
AFR,Liberia,2020,34000.0
AFR,Ghana,2020,340000.0
EUR,Serbia,2020,3400.0
EUR,Lithuania,2020,3400.0
AMR,Belize,2020,3400.0
AMR,Cuba,2020,35000.0
AMR,Mexico,2020,350000.0
AFR,Botswana,2020,360000.0
WPR,New Zealand,2020,3600.0
SEAR,Sri Lanka,2020,3600.0
AFR,Guinea-Bissau,2020,39000.0
AFR,Côte d’Ivoire,2020,390000.0
EMR,Sudan,2020,40000.0
AFR,Senegal,2020,40000.0
EUR,Portugal,2020,42000.0
EUR,Norway,2020,4500.0
AMR,Bahamas,2020,4500.0
AMR,Ecuador,2020,46000.0
AFR,Gabon,2020,47000.0
AFR,Cameroon,2020,500000.0
EMR,Tunisia,2020,5200.0
SEAR,Thailand,2020,530000.0
EMR,Iran (Islamic Republic of),2020,54000.0
AFR,Madagascar,2020,54000.0
AFR,Democratic Republic of the Congo,2020,540000.0
SEAR,Indonesia,2020,540000.0
EUR,Uzbekistan,2020,56000.0
WPR,Papua New Guinea,2020,56000.0
AMR,Suriname,2020,6000.0
WPR,Mongolia,2020,610.0
AFR,Ethiopia,2020,620000.0
EMR,Djibouti,2020,6300.0
AFR,Equatorial Guinea,2020,64000.0
EUR,Denmark,2020,6700.0
AFR,Benin,2020,69000.0
AFR,South Africa,2020,7400000.0
EMR,Syrian Arab Republic,2020,730.0
EUR,Latvia,2020,7400.0
WPR,Cambodia,2020,75000.0
AFR,Sierra Leone,2020,76000.0
EUR,Georgia,2020,7700.0
AMR,Dominican Republic,2020,78000.0
WPR,Malaysia,2020,78000.0
AFR,Burundi,2020,80000.0
AMR,Chile,2020,80000.0
EMR,Somalia,2020,8000.0
EMR,Libya,2020,8000.0
WPR,Singapore,2020,8100.0
EUR,Slovenia,2020,820.0
AFR,Central African Republic,2020,85000.0
EUR,Ireland,2020,8500.0
AFR,Burkina Faso,2020,89000.0
EUR,Germany,2020,92000.0
AMR,Brazil,2020,920000.0
AMR,Peru,2020,94000.0
AFR,Mauritania,2020,9400.0
AMR,Guyana,2020,9500.0
AMR,Venezuela (Bolivarian Republic of),2020,96000.0
EUR,Kyrgyzstan,2020,9600.0
EMR,Yemen,2020,9700.0
AFR,Malawi,2020,990000.0
AFR,Comoros,2019,200.0
EMR,Qatar,2019,500.0
EMR,Bahrain,2019,500.0
EUR,Iceland,2019,500.0
EUR,Montenegro,2019,500.0
AMR,United States of America,2019,1200000.0
AFR,Zambia,2019,1300000.0
AFR,Zimbabwe,2019,1300000.0
AFR,Uganda,2019,1400000.0
AFR,Kenya,2019,1400000.0
AFR,United Republic of Tanzania,2019,1700000.0
AFR,Nigeria,2019,1900000.0
EUR,Azerbaijan,2019,10000.0
WPR,Philippines,2019,100000.0
EUR,Slovakia,2019,1000.0
AMR,Trinidad and Tobago,2019,11000.0
AMR,Nicaragua,2019,11000.0
AFR,Togo,2019,110000.0
AFR,Chad,2019,110000.0
AFR,Mali,2019,110000.0
EUR,Tajikistan,2019,12000.0
AFR,Mauritius,2019,12000.0
AFR,Guinea,2019,120000.0
AFR,Congo,2019,120000.0
WPR,Fiji,2019,1200.0
SEAR,Timor-Leste,2019,1200.0
AFR,Eritrea,2019,13000.0
AMR,Uruguay,2019,13000.0
SEAR,Bangladesh,2019,13000.0
AMR,Argentina,2019,130000.0
SEAR,Bhutan,2019,1300.0
EUR,Cyprus,2019,1300.0
EUR,Luxembourg,2019,1300.0
EUR,Albania,2019,1300.0
WPR,Lao People's Democratic Republic,2019,14000.0
EUR,Italy,2019,140000.0
AMR,Costa Rica,2019,15000.0
EUR,Republic of Moldova,2019,15000.0
EUR,Greece,2019,15000.0
AMR,Paraguay,2019,15000.0
AMR,Haiti,2019,150000.0
EUR,Spain,2019,150000.0
AMR,Colombia,2019,160000.0
AFR,South Sudan,2019,160000.0
EUR,Croatia,2019,1600.0
EUR,Switzerland,2019,17000.0
AFR,Algeria,2019,18000.0
EUR,France,2019,180000.0
EMR,Pakistan,2019,180000.0
EUR,Romania,2019,19000.0
SEAR,India,2019,2400000.0
AFR,Namibia,2019,210000.0
AMR,Honduras,2019,22000.0
EMR,Morocco,2019,22000.0
AFR,Eswatini,2019,220000.0
AFR,Rwanda,2019,230000.0
EMR,Oman,2019,2300.0
AMR,Bolivia (Plurinational State of),2019,24000.0
EMR,Egypt,2019,24000.0
EUR,Netherlands,2019,24000.0
EUR,Ukraine,2019,240000.0
WPR,Viet Nam,2019,240000.0
AFR,Cabo Verde,2019,2400.0
AMR,Barbados,2019,2400.0
AFR,Gambia,2019,25000.0
AMR,El Salvador,2019,25000.0
EUR,Belarus,2019,27000.0
SEAR,Myanmar,2019,270000.0
EMR,Lebanon,2019,2800.0
WPR,Australia,2019,29000.0
SEAR,Nepal,2019,29000.0
EUR,Kazakhstan,2019,29000.0
AMR,Jamaica,2019,29000.0
AFR,Lesotho,2019,290000.0
AFR,Niger,2019,30000.0
EUR,Bulgaria,2019,3000.0
AMR,Guatemala,2019,31000.0
AFR,Angola,2019,310000.0
AMR,Cuba,2019,33000.0
EUR,Serbia,2019,3300.0
EUR,Lithuania,2019,3300.0
AMR,Mexico,2019,340000.0
AFR,Ghana,2019,340000.0
AMR,Belize,2019,3400.0
AFR,Liberia,2019,35000.0
WPR,New Zealand,2019,3500.0
AFR,Botswana,2019,360000.0
SEAR,Sri Lanka,2019,3600.0
AFR,Guinea-Bissau,2019,39000.0
EMR,Sudan,2019,40000.0
AFR,Senegal,2019,40000.0
AFR,Côte d’Ivoire,2019,400000.0
EUR,Portugal,2019,42000.0
AMR,Ecuador,2019,44000.0
EUR,Norway,2019,4500.0
AMR,Bahamas,2019,4500.0
AFR,Madagascar,2019,48000.0
AFR,Gabon,2019,48000.0
AFR,Cameroon,2019,500000.0
EMR,Tunisia,2019,5000.0
WPR,Papua New Guinea,2019,53000.0
EUR,Uzbekistan,2019,53000.0
AFR,Democratic Republic of the Congo,2019,530000.0
SEAR,Thailand,2019,530000.0
SEAR,Indonesia,2019,540000.0
EMR,Iran (Islamic Republic of),2019,56000.0
WPR,Mongolia,2019,590.0
AMR,Suriname,2019,5900.0
AFR,Equatorial Guinea,2019,61000.0
AFR,Ethiopia,2019,620000.0
EMR,Syrian Arab Republic,2019,660.0
EMR,Djibouti,2019,6600.0
EUR,Denmark,2019,6600.0
AFR,South Africa,2019,7300000.0
AFR,Benin,2019,70000.0
EUR,Latvia,2019,7000.0
EUR,Georgia,2019,7200.0
AMR,Chile,2019,75000.0
WPR,Malaysia,2019,75000.0
WPR,Cambodia,2019,76000.0
AFR,Sierra Leone,2019,76000.0
AMR,Dominican Republic,2019,77000.0
EMR,Libya,2019,7700.0
WPR,Singapore,2019,8000.0
AFR,Burundi,2019,81000.0
EUR,Ireland,2019,8100.0
EUR,Slovenia,2019,820.0
EMR,Somalia,2019,8300.0
AFR,Central African Republic,2019,86000.0
EUR,Germany,2019,89000.0
AMR,Peru,2019,89000.0
AMR,Brazil,2019,890000.0
AFR,Burkina Faso,2019,91000.0
EMR,Yemen,2019,9100.0
AMR,Guyana,2019,9200.0
EUR,Kyrgyzstan,2019,9200.0
EMR,Afghanistan,2019,9400.0
AMR,Venezuela (Bolivarian Republic of),2019,95000.0
AFR,Mauritania,2019,9500.0
AFR,Malawi,2019,990000.0
AFR,Comoros,2018,200.0
EMR,Qatar,2018,500.0
EMR,Bahrain,2018,500.0
EUR,Iceland,2018,500.0
EUR,Montenegro,2018,500.0
AMR,United States of America,2018,1100000.0
AFR,Zambia,2018,1300000.0
AFR,Zimbabwe,2018,1300000.0
AFR,Uganda,2018,1300000.0
AFR,Kenya,2018,1400000.0
AFR,United Republic of Tanzania,2018,1700000.0
AFR,Nigeria,2018,1900000.0
EUR,Azerbaijan,2018,10000.0
AMR,Nicaragua,2018,10000.0
EUR,Tajikistan,2018,11000.0
AMR,Trinidad and Tobago,2018,11000.0
AFR,Togo,2018,110000.0
AFR,Mali,2018,110000.0
AFR,Chad,2018,110000.0
AFR,Congo,2018,110000.0
WPR,Fiji,2018,1100.0
AFR,Mauritius,2018,12000.0
AFR,Guinea,2018,120000.0
EUR,Cyprus,2018,1200.0
EUR,Luxembourg,2018,1200.0
SEAR,Timor-Leste,2018,1200.0
AMR,Uruguay,2018,13000.0
AFR,Eritrea,2018,13000.0
SEAR,Bangladesh,2018,13000.0
AMR,Argentina,2018,130000.0
SEAR,Bhutan,2018,1300.0
EUR,Albania,2018,1300.0
AMR,Costa Rica,2018,14000.0
WPR,Lao People's Democratic Republic,2018,14000.0
EUR,Italy,2018,140000.0
EUR,Republic of Moldova,2018,15000.0
AMR,Paraguay,2018,15000.0
EUR,Greece,2018,15000.0
AMR,Haiti,2018,150000.0
EUR,Spain,2018,150000.0
AFR,Algeria,2018,16000.0
AMR,Colombia,2018,160000.0
AFR,South Sudan,2018,160000.0
EUR,Croatia,2018,1600.0
EUR,Switzerland,2018,17000.0
EMR,Pakistan,2018,170000.0
EUR,France,2018,180000.0
EUR,Romania,2018,19000.0
SEAR,India,2018,2400000.0
EMR,Egypt,2018,21000.0
AFR,Eswatini,2018,210000.0
AFR,Namibia,2018,210000.0
EMR,Morocco,2018,22000.0
AMR,Honduras,2018,22000.0
EMR,Oman,2018,2200.0
AMR,Bolivia (Plurinational State of),2018,23000.0
AFR,Rwanda,2018,230000.0
EUR,Netherlands,2018,24000.0
AMR,El Salvador,2018,24000.0
EUR,Ukraine,2018,240000.0
WPR,Viet Nam,2018,240000.0
AFR,Cabo Verde,2018,2400.0
AMR,Barbados,2018,2400.0
AFR,Gambia,2018,25000.0
EUR,Belarus,2018,26000.0
EUR,Kazakhstan,2018,27000.0
SEAR,Myanmar,2018,270000.0
EMR,Lebanon,2018,2700.0
WPR,Australia,2018,28000.0
SEAR,Nepal,2018,29000.0
AMR,Jamaica,2018,29000.0
EUR,Bulgaria,2018,2900.0
AFR,Lesotho,2018,300000.0
AMR,Guatemala,2018,31000.0
AFR,Niger,2018,31000.0
AFR,Angola,2018,310000.0
EUR,Serbia,2018,3100.0
AMR,Cuba,2018,32000.0
AMR,Mexico,2018,320000.0
EUR,Lithuania,2018,3200.0
AFR,Ghana,2018,330000.0
AMR,Belize,2018,3300.0
WPR,New Zealand,2018,3400.0
AFR,Liberia,2018,35000.0
AFR,Botswana,2018,360000.0
SEAR,Sri Lanka,2018,3600.0
EMR,Sudan,2018,39000.0
AFR,Guinea-Bissau,2018,39000.0
AFR,Senegal,2018,40000.0
AFR,Côte d’Ivoire,2018,410000.0
EUR,Portugal,2018,42000.0
AMR,Ecuador,2018,42000.0
AFR,Madagascar,2018,43000.0
EUR,Norway,2018,4400.0
AMR,Bahamas,2018,4400.0
EMR,Tunisia,2018,4800.0
AFR,Gabon,2018,49000.0
EUR,Uzbekistan,2018,50000.0
AFR,Cameroon,2018,500000.0
WPR,Papua New Guinea,2018,51000.0
AFR,Democratic Republic of the Congo,2018,530000.0
SEAR,Thailand,2018,540000.0
SEAR,Indonesia,2018,540000.0
AMR,Suriname,2018,5700.0
EMR,Iran (Islamic Republic of),2018,58000.0
WPR,Mongolia,2018,580.0
AFR,Equatorial Guinea,2018,59000.0
EMR,Syrian Arab Republic,2018,610.0
AFR,Ethiopia,2018,620000.0
EUR,Latvia,2018,6600.0
EUR,Denmark,2018,6600.0
EUR,Georgia,2018,6800.0
EMR,Djibouti,2018,6900.0
AFR,South Africa,2018,7100000.0
AFR,Benin,2018,70000.0
AMR,Chile,2018,70000.0
WPR,Malaysia,2018,73000.0
EMR,Libya,2018,7400.0
AMR,Dominican Republic,2018,76000.0
AFR,Sierra Leone,2018,76000.0
EUR,Ireland,2018,7600.0
WPR,Cambodia,2018,77000.0
WPR,Singapore,2018,7900.0
AFR,Burundi,2018,81000.0
EUR,Slovenia,2018,810.0
AMR,Peru,2018,84000.0
EMR,Yemen,2018,8500.0
EUR,Germany,2018,86000.0
WPR,Philippines,2018,86000.0
AMR,Brazil,2018,860000.0
EMR,Somalia,2018,8600.0
EMR,Afghanistan,2018,8700.0
AFR,Central African Republic,2018,88000.0
EUR,Kyrgyzstan,2018,8800.0
AMR,Guyana,2018,9000.0
AFR,Mauritania,2018,9100.0
AFR,Burkina Faso,2018,92000.0
EUR,Slovakia,2018,960.0
AMR,Venezuela (Bolivarian Republic of),2018,97000.0
AFR,Malawi,2018,990000.0
AFR,Comoros,2017,200.0
EMR,Qatar,2017,500.0
EMR,Bahrain,2017,500.0
EUR,Iceland,2017,500.0
EUR,Montenegro,2017,500.0
AMR,United States of America,2017,1100000.0
AFR,Zambia,2017,1300000.0
AFR,Zimbabwe,2017,1300000.0
AFR,Uganda,2017,1300000.0
AFR,Kenya,2017,1400000.0
AFR,United Republic of Tanzania,2017,1600000.0
AFR,Nigeria,2017,1800000.0
EUR,Azerbaijan,2017,10000.0
AMR,Nicaragua,2017,10000.0
AMR,Trinidad and Tobago,2017,11000.0
EUR,Tajikistan,2017,11000.0
AFR,Togo,2017,110000.0
AFR,Mali,2017,110000.0
AFR,Congo,2017,110000.0
AFR,Chad,2017,110000.0
SEAR,Timor-Leste,2017,1100.0
AMR,Uruguay,2017,12000.0
AFR,Mauritius,2017,12000.0
SEAR,Bangladesh,2017,12000.0
AFR,Guinea,2017,120000.0
EUR,Luxembourg,2017,1200.0
EUR,Cyprus,2017,1200.0
EUR,Albania,2017,1200.0
AFR,Eritrea,2017,13000.0
AMR,Costa Rica,2017,13000.0
WPR,Lao People's Democratic Republic,2017,13000.0
AMR,Argentina,2017,130000.0
SEAR,Bhutan,2017,1300.0
AMR,Paraguay,2017,14000.0
EUR,Italy,2017,140000.0
AMR,Haiti,2017,140000.0
EUR,Republic of Moldova,2017,15000.0
AFR,Algeria,2017,15000.0
EUR,Greece,2017,15000.0
AMR,Colombia,2017,150000.0
EUR,Spain,2017,150000.0
EMR,Pakistan,2017,150000.0
AFR,South Sudan,2017,150000.0
EUR,Croatia,2017,1500.0
EUR,Switzerland,2017,17000.0
EUR,France,2017,170000.0
EUR,Romania,2017,19000.0
EMR,Egypt,2017,19000.0
SEAR,India,2017,2400000.0
EMR,Morocco,2017,21000.0
AFR,Namibia,2017,210000.0
AFR,Eswatini,2017,210000.0
EMR,Oman,2017,2100.0
AMR,Bolivia (Plurinational State of),2017,23000.0
AMR,Honduras,2017,23000.0
EUR,Ukraine,2017,230000.0
AFR,Rwanda,2017,230000.0
AFR,Cabo Verde,2017,2300.0
AMR,Barbados,2017,2300.0
AFR,Gambia,2017,24000.0
AMR,El Salvador,2017,24000.0
EUR,Kazakhstan,2017,24000.0
EUR,Netherlands,2017,24000.0
WPR,Viet Nam,2017,240000.0
EUR,Belarus,2017,25000.0
SEAR,Myanmar,2017,260000.0
EMR,Lebanon,2017,2600.0
WPR,Australia,2017,27000.0
EUR,Bulgaria,2017,2700.0
SEAR,Nepal,2017,28000.0
AMR,Jamaica,2017,28000.0
EUR,Serbia,2017,2900.0
AMR,Cuba,2017,30000.0
AFR,Lesotho,2017,300000.0
AMR,Guatemala,2017,31000.0
AFR,Niger,2017,31000.0
AFR,Angola,2017,310000.0
AMR,Mexico,2017,310000.0
EUR,Lithuania,2017,3100.0
WPR,New Zealand,2017,3200.0
AFR,Ghana,2017,330000.0
AMR,Belize,2017,3300.0
AFR,Liberia,2017,35000.0
AFR,Botswana,2017,360000.0
SEAR,Sri Lanka,2017,3700.0
EMR,Sudan,2017,38000.0
AFR,Madagascar,2017,39000.0
AFR,Guinea-Bissau,2017,39000.0
AFR,Senegal,2017,40000.0
EUR,Portugal,2017,41000.0
AMR,Ecuador,2017,41000.0
AFR,Côte d’Ivoire,2017,420000.0
EUR,Norway,2017,4300.0
AMR,Bahamas,2017,4400.0
EUR,Uzbekistan,2017,46000.0
EMR,Tunisia,2017,4700.0
WPR,Papua New Guinea,2017,48000.0
AFR,Gabon,2017,49000.0
AFR,Cameroon,2017,510000.0
AFR,Democratic Republic of the Congo,2017,530000.0
SEAR,Thailand,2017,540000.0
SEAR,Indonesia,2017,540000.0
AFR,Equatorial Guinea,2017,56000.0
WPR,Mongolia,2017,560.0
AMR,Suriname,2017,5600.0
EMR,Syrian Arab Republic,2017,580.0
AFR,South Africa,2017,6900000.0
EMR,Iran (Islamic Republic of),2017,60000.0
EUR,Latvia,2017,6200.0
AMR,Chile,2017,63000.0
AFR,Ethiopia,2017,630000.0
EUR,Georgia,2017,6300.0
EUR,Denmark,2017,6500.0
WPR,Malaysia,2017,70000.0
AFR,Benin,2017,71000.0
EMR,Djibouti,2017,7100.0
EUR,Ireland,2017,7100.0
EMR,Libya,2017,7100.0
WPR,Philippines,2017,73000.0
AMR,Dominican Republic,2017,75000.0
AFR,Sierra Leone,2017,75000.0
WPR,Cambodia,2017,78000.0
WPR,Singapore,2017,7800.0
AMR,Peru,2017,79000.0
EUR,Slovenia,2017,800.0
EMR,Afghanistan,2017,8000.0
EMR,Yemen,2017,8000.0
AFR,Burundi,2017,82000.0
AMR,Brazil,2017,830000.0
EUR,Germany,2017,84000.0
EUR,Kyrgyzstan,2017,8400.0
EUR,Slovakia,2017,870.0
AMR,Guyana,2017,8700.0
EMR,Somalia,2017,9000.0
AFR,Central African Republic,2017,91000.0
AFR,Mauritania,2017,9200.0
AFR,Burkina Faso,2017,94000.0
WPR,Fiji,2017,960.0
AMR,Venezuela (Bolivarian Republic of),2017,98000.0
AFR,Malawi,2017,990000.0
AFR,Comoros,2016,200.0
EMR,Qatar,2016,200.0
EMR,Bahrain,2016,500.0
EUR,Iceland,2016,500.0
EUR,Montenegro,2016,500.0
AMR,United States of America,2016,1100000.0
AFR,Zambia,2016,1200000.0
AFR,Uganda,2016,1300000.0
AFR,Zimbabwe,2016,1300000.0
AFR,Kenya,2016,1400000.0
AFR,United Republic of Tanzania,2016,1600000.0
AFR,Nigeria,2016,1800000.0
EUR,Azerbaijan,2016,10000.0
SEAR,Bangladesh,2016,11000.0
AMR,Trinidad and Tobago,2016,11000.0
AFR,Guinea,2016,110000.0
AFR,Togo,2016,110000.0
AFR,Congo,2016,110000.0
AFR,Mali,2016,110000.0
AFR,Chad,2016,110000.0
EUR,Cyprus,2016,1100.0
EUR,Luxembourg,2016,1100.0
AFR,Mauritius,2016,12000.0
AMR,Uruguay,2016,12000.0
AMR,Argentina,2016,120000.0
SEAR,Bhutan,2016,1200.0
EUR,Albania,2016,1200.0
AMR,Costa Rica,2016,13000.0
AFR,Algeria,2016,13000.0
WPR,Lao People's Democratic Republic,2016,13000.0
AFR,Eritrea,2016,14000.0
AMR,Paraguay,2016,14000.0
EUR,Greece,2016,14000.0
EUR,Italy,2016,140000.0
AMR,Colombia,2016,140000.0
EMR,Pakistan,2016,140000.0
AMR,Haiti,2016,140000.0
EUR,Spain,2016,140000.0
EUR,Republic of Moldova,2016,15000.0
AFR,South Sudan,2016,150000.0
EUR,Croatia,2016,1500.0
EMR,Egypt,2016,16000.0
EUR,Switzerland,2016,17000.0
EUR,France,2016,170000.0
EUR,Romania,2016,18000.0
SEAR,India,2016,2400000.0
EMR,Oman,2016,2000.0
EMR,Morocco,2016,21000.0
AFR,Namibia,2016,210000.0
AFR,Eswatini,2016,210000.0
AMR,Bolivia (Plurinational State of),2016,22000.0
EUR,Kazakhstan,2016,22000.0
AFR,Cabo Verde,2016,2200.0
AMR,Honduras,2016,23000.0
EUR,Netherlands,2016,23000.0
EUR,Ukraine,2016,230000.0
AFR,Rwanda,2016,230000.0
AMR,Barbados,2016,2300.0
EUR,Belarus,2016,24000.0
AFR,Gambia,2016,24000.0
AMR,El Salvador,2016,24000.0
WPR,Viet Nam,2016,240000.0
EMR,Lebanon,2016,2400.0
SEAR,Myanmar,2016,260000.0
EUR,Bulgaria,2016,2600.0
WPR,Australia,2016,27000.0
AMR,Cuba,2016,28000.0
SEAR,Nepal,2016,28000.0
AMR,Jamaica,2016,28000.0
EUR,Serbia,2016,2800.0
EUR,Lithuania,2016,2900.0
AFR,Angola,2016,300000.0
AMR,Mexico,2016,300000.0
AFR,Lesotho,2016,300000.0
AFR,Niger,2016,31000.0
WPR,New Zealand,2016,3100.0
AMR,Guatemala,2016,32000.0
AFR,Ghana,2016,320000.0
AMR,Belize,2016,3300.0
AFR,Madagascar,2016,34000.0
AFR,Botswana,2016,350000.0
AFR,Liberia,2016,36000.0
SEAR,Sri Lanka,2016,3700.0
EMR,Sudan,2016,38000.0
AMR,Ecuador,2016,39000.0
AFR,Guinea-Bissau,2016,39000.0
EUR,Portugal,2016,41000.0
AFR,Senegal,2016,41000.0
EUR,Norway,2016,4100.0
EUR,Uzbekistan,2016,43000.0
AFR,Côte d’Ivoire,2016,430000.0
WPR,Papua New Guinea,2016,45000.0
EMR,Tunisia,2016,4500.0
AMR,Bahamas,2016,4500.0
AFR,Gabon,2016,49000.0
AFR,Cameroon,2016,510000.0
AFR,Equatorial Guinea,2016,53000.0
AFR,Democratic Republic of the Congo,2016,530000.0
SEAR,Indonesia,2016,530000.0
WPR,Mongolia,2016,540.0
SEAR,Thailand,2016,550000.0
AMR,Suriname,2016,5500.0
EMR,Syrian Arab Republic,2016,560.0
AMR,Chile,2016,58000.0
EUR,Latvia,2016,5800.0
EUR,Georgia,2016,5800.0
AFR,South Africa,2016,6800000.0
WPR,Philippines,2016,61000.0
EMR,Iran (Islamic Republic of),2016,62000.0
AFR,Ethiopia,2016,630000.0
EUR,Denmark,2016,6400.0
EUR,Ireland,2016,6700.0
EMR,Libya,2016,6700.0
WPR,Malaysia,2016,68000.0
AFR,Benin,2016,71000.0
AMR,Peru,2016,74000.0
EMR,Djibouti,2016,7400.0
EMR,Yemen,2016,7400.0
AMR,Dominican Republic,2016,75000.0
AFR,Sierra Leone,2016,75000.0
EMR,Afghanistan,2016,7500.0
WPR,Singapore,2016,7600.0
WPR,Cambodia,2016,79000.0
EUR,Slovakia,2016,790.0
EUR,Slovenia,2016,790.0
EUR,Kyrgyzstan,2016,8000.0
EUR,Germany,2016,81000.0
AMR,Brazil,2016,810000.0
AFR,Burundi,2016,83000.0
AMR,Guyana,2016,8500.0
WPR,Fiji,2016,870.0
AFR,Mauritania,2016,9200.0
AFR,Central African Republic,2016,93000.0
EMR,Somalia,2016,9500.0
AFR,Burkina Faso,2016,96000.0
AMR,Nicaragua,2016,9700.0
SEAR,Timor-Leste,2016,980.0
AMR,Venezuela (Bolivarian Republic of),2016,99000.0
AFR,Malawi,2016,990000.0
EUR,Tajikistan,2016,9900.0
AFR,Comoros,2015,200.0
EMR,Qatar,2015,200.0
EMR,Bahrain,2015,500.0
EUR,Iceland,2015,500.0
EUR,Montenegro,2015,500.0
AMR,United States of America,2015,1100000.0
AFR,Zambia,2015,1200000.0
AFR,Uganda,2015,1200000.0
AFR,Zimbabwe,2015,1300000.0
AFR,Kenya,2015,1400000.0
AFR,United Republic of Tanzania,2015,1600000.0
AFR,Nigeria,2015,1800000.0
EUR,Azerbaijan,2015,10000.0
EMR,Somalia,2015,10000.0
AFR,Congo,2015,100000.0
AMR,Venezuela (Bolivarian Republic of),2015,100000.0
SEAR,Bangladesh,2015,11000.0
AFR,Algeria,2015,11000.0
AMR,Uruguay,2015,11000.0
AFR,Guinea,2015,110000.0
AFR,Togo,2015,110000.0
AFR,Mali,2015,110000.0
AFR,Chad,2015,110000.0
EUR,Luxembourg,2015,1100.0
EUR,Albania,2015,1100.0
EUR,Cyprus,2015,1100.0
AMR,Costa Rica,2015,12000.0
WPR,Lao People's Democratic Republic,2015,12000.0
AMR,Trinidad and Tobago,2015,12000.0
AFR,Mauritius,2015,12000.0
AMR,Argentina,2015,120000.0
SEAR,Bhutan,2015,1200.0
AMR,Paraguay,2015,13000.0
EMR,Pakistan,2015,130000.0
EUR,Italy,2015,130000.0
AFR,Eritrea,2015,14000.0
EUR,Greece,2015,14000.0
EMR,Egypt,2015,14000.0
AMR,Colombia,2015,140000.0
EUR,Spain,2015,140000.0
AMR,Haiti,2015,140000.0
EUR,Croatia,2015,1400.0
EUR,Republic of Moldova,2015,15000.0
AFR,South Sudan,2015,150000.0
EUR,France,2015,160000.0
EUR,Switzerland,2015,17000.0
EUR,Romania,2015,18000.0
SEAR,India,2015,2500000.0
EUR,Kazakhstan,2015,20000.0
EMR,Morocco,2015,20000.0
AFR,Eswatini,2015,200000.0
AFR,Namibia,2015,200000.0
EMR,Oman,2015,2000.0
AMR,Bolivia (Plurinational State of),2015,21000.0
AFR,Cabo Verde,2015,2100.0
EUR,Belarus,2015,22000.0
AFR,Rwanda,2015,220000.0
AFR,Gambia,2015,23000.0
EUR,Netherlands,2015,23000.0
AMR,Honduras,2015,23000.0
WPR,Viet Nam,2015,230000.0
EUR,Ukraine,2015,230000.0
EMR,Lebanon,2015,2300.0
AMR,Barbados,2015,2300.0
AMR,El Salvador,2015,24000.0
EUR,Bulgaria,2015,2500.0
WPR,Australia,2015,26000.0
SEAR,Myanmar,2015,260000.0
EUR,Serbia,2015,2600.0
AMR,Cuba,2015,27000.0
SEAR,Nepal,2015,28000.0
AMR,Jamaica,2015,28000.0
EUR,Lithuania,2015,2800.0
AFR,Madagascar,2015,29000.0
AMR,Mexico,2015,290000.0
AFR,Angola,2015,300000.0
AFR,Lesotho,2015,300000.0
WPR,New Zealand,2015,3000.0
AFR,Niger,2015,32000.0
AFR,Ghana,2015,320000.0
AMR,Belize,2015,3200.0
AMR,Guatemala,2015,33000.0
AFR,Botswana,2015,350000.0
AFR,Liberia,2015,37000.0
AMR,Ecuador,2015,37000.0
SEAR,Sri Lanka,2015,3700.0
EMR,Sudan,2015,38000.0
AFR,Guinea-Bissau,2015,39000.0
EUR,Portugal,2015,40000.0
EUR,Uzbekistan,2015,40000.0
EUR,Norway,2015,4000.0
AFR,Senegal,2015,42000.0
WPR,Papua New Guinea,2015,43000.0
EMR,Tunisia,2015,4300.0
AFR,Côte d’Ivoire,2015,440000.0
AMR,Bahamas,2015,4500.0
AFR,Gabon,2015,49000.0
AFR,Equatorial Guinea,2015,50000.0
WPR,Philippines,2015,51000.0
AFR,Cameroon,2015,510000.0
WPR,Mongolia,2015,520.0
SEAR,Indonesia,2015,520000.0
AFR,Democratic Republic of the Congo,2015,530000.0
AMR,Chile,2015,54000.0
AMR,Suriname,2015,5400.0
EUR,Georgia,2015,5400.0
EMR,Syrian Arab Republic,2015,550.0
EUR,Latvia,2015,5500.0
SEAR,Thailand,2015,560000.0
AFR,South Africa,2015,6500000.0
EUR,Ireland,2015,6200.0
AFR,Ethiopia,2015,630000.0
EUR,Denmark,2015,6300.0
EMR,Iran (Islamic Republic of),2015,64000.0
EMR,Libya,2015,6400.0
WPR,Malaysia,2015,67000.0
EMR,Afghanistan,2015,6900.0
EMR,Yemen,2015,6900.0
AMR,Peru,2015,70000.0
EUR,Slovakia,2015,700.0
AFR,Benin,2015,71000.0
WPR,Singapore,2015,7400.0
AMR,Dominican Republic,2015,75000.0
AFR,Sierra Leone,2015,75000.0
EUR,Kyrgyzstan,2015,7600.0
EUR,Germany,2015,78000.0
EUR,Slovenia,2015,780.0
AMR,Brazil,2015,780000.0
EMR,Djibouti,2015,7800.0
WPR,Fiji,2015,790.0
WPR,Cambodia,2015,80000.0
AMR,Guyana,2015,8200.0
AFR,Burundi,2015,84000.0
SEAR,Timor-Leste,2015,890.0
EUR,Tajikistan,2015,9100.0
AFR,Mauritania,2015,9200.0
AMR,Nicaragua,2015,9400.0
AFR,Central African Republic,2015,96000.0
AFR,Burkina Faso,2015,97000.0
AFR,Malawi,2015,980000.0
AFR,Comoros,2014,200.0
EMR,Qatar,2014,200.0
EUR,Iceland,2014,500.0
EUR,Montenegro,2014,500.0
EMR,Bahrain,2014,500.0
WPR,Mongolia,2014,500.0
AMR,United States of America,2014,1000000.0
AFR,Zambia,2014,1200000.0
AFR,Uganda,2014,1200000.0
AFR,Zimbabwe,2014,1300000.0
AFR,Kenya,2014,1400000.0
AFR,United Republic of Tanzania,2014,1500000.0
AFR,Nigeria,2014,1800000.0
AFR,Congo,2014,100000.0
AFR,Central African Republic,2014,100000.0
AMR,Venezuela (Bolivarian Republic of),2014,100000.0
EUR,Cyprus,2014,1000.0
AMR,Costa Rica,2014,11000.0
EUR,Azerbaijan,2014,11000.0
AMR,Uruguay,2014,11000.0
EMR,Somalia,2014,11000.0
EMR,Pakistan,2014,110000.0
AFR,Togo,2014,110000.0
AFR,Mali,2014,110000.0
AFR,Chad,2014,110000.0
AFR,Guinea,2014,110000.0
EUR,Albania,2014,1100.0
WPR,Lao People's Democratic Republic,2014,12000.0
AMR,Trinidad and Tobago,2014,12000.0
AFR,Mauritius,2014,12000.0
AMR,Argentina,2014,120000.0
SEAR,Bhutan,2014,1200.0
EMR,Egypt,2014,13000.0
AMR,Paraguay,2014,13000.0
EUR,Italy,2014,130000.0
AMR,Colombia,2014,130000.0
EUR,Croatia,2014,1300.0
EUR,Republic of Moldova,2014,14000.0
EUR,Greece,2014,14000.0
EUR,Spain,2014,140000.0
AMR,Haiti,2014,140000.0
AFR,South Sudan,2014,140000.0
AFR,Eritrea,2014,15000.0
EUR,Switzerland,2014,16000.0
EUR,France,2014,160000.0
EUR,Romania,2014,18000.0
EUR,Kazakhstan,2014,18000.0
EMR,Oman,2014,1900.0
SEAR,India,2014,2500000.0
EMR,Morocco,2014,20000.0
AFR,Eswatini,2014,200000.0
AFR,Namibia,2014,200000.0
EUR,Belarus,2014,21000.0
AMR,Bolivia (Plurinational State of),2014,21000.0
AFR,Cabo Verde,2014,2100.0
EMR,Lebanon,2014,2100.0
EUR,Netherlands,2014,22000.0
AFR,Rwanda,2014,220000.0
AFR,Gambia,2014,23000.0
EUR,Ukraine,2014,230000.0
WPR,Viet Nam,2014,230000.0
AMR,Barbados,2014,2300.0
AMR,El Salvador,2014,24000.0
AMR,Honduras,2014,24000.0
EUR,Bulgaria,2014,2400.0
EUR,Serbia,2014,2400.0
AFR,Madagascar,2014,25000.0
WPR,Australia,2014,25000.0
AMR,Cuba,2014,26000.0
SEAR,Myanmar,2014,260000.0
AMR,Jamaica,2014,27000.0
EUR,Lithuania,2014,2700.0
SEAR,Nepal,2014,28000.0
AMR,Mexico,2014,280000.0
AFR,Angola,2014,290000.0
WPR,New Zealand,2014,2900.0
AFR,Lesotho,2014,300000.0
AFR,Ghana,2014,320000.0
AMR,Belize,2014,3200.0
AMR,Guatemala,2014,33000.0
AFR,Niger,2014,33000.0
AFR,Botswana,2014,350000.0
AMR,Ecuador,2014,36000.0
AFR,Liberia,2014,37000.0
EUR,Uzbekistan,2014,37000.0
SEAR,Sri Lanka,2014,3700.0
EMR,Sudan,2014,38000.0
AFR,Guinea-Bissau,2014,38000.0
EUR,Norway,2014,3800.0
EUR,Portugal,2014,40000.0
WPR,Papua New Guinea,2014,40000.0
EMR,Tunisia,2014,4100.0
WPR,Philippines,2014,42000.0
AFR,Senegal,2014,43000.0
AFR,Côte d’Ivoire,2014,450000.0
AMR,Bahamas,2014,4500.0
AFR,Equatorial Guinea,2014,47000.0
AFR,Gabon,2014,49000.0
EUR,Georgia,2014,4900.0
AMR,Chile,2014,51000.0
SEAR,Indonesia,2014,510000.0
AFR,Cameroon,2014,520000.0
EUR,Latvia,2014,5200.0
AMR,Suriname,2014,5300.0
EMR,Syrian Arab Republic,2014,540.0
AFR,Democratic Republic of the Congo,2014,540000.0
SEAR,Thailand,2014,570000.0
EUR,Ireland,2014,5900.0
AFR,South Africa,2014,6300000.0
EMR,Libya,2014,6100.0
EUR,Slovakia,2014,620.0
EUR,Denmark,2014,6200.0
AFR,Ethiopia,2014,640000.0
EMR,Afghanistan,2014,6400.0
EMR,Yemen,2014,6400.0
AMR,Peru,2014,66000.0
WPR,Malaysia,2014,66000.0
EMR,Iran (Islamic Republic of),2014,67000.0
AFR,Benin,2014,70000.0
WPR,Fiji,2014,710.0
WPR,Singapore,2014,7100.0
EUR,Kyrgyzstan,2014,7200.0
AFR,Sierra Leone,2014,74000.0
EUR,Germany,2014,75000.0
AMR,Dominican Republic,2014,75000.0
AMR,Brazil,2014,750000.0
EUR,Slovenia,2014,760.0
AMR,Guyana,2014,8000.0
WPR,Cambodia,2014,81000.0
SEAR,Timor-Leste,2014,810.0
EMR,Djibouti,2014,8200.0
AFR,Burundi,2014,85000.0
EUR,Tajikistan,2014,8500.0
AMR,Nicaragua,2014,9100.0
AFR,Mauritania,2014,9300.0
AFR,Malawi,2014,970000.0
AFR,Algeria,2014,9800.0
SEAR,Bangladesh,2014,9800.0
AFR,Burkina Faso,2014,99000.0
EUR,Luxembourg,2014,990.0
AFR,Comoros,2013,200.0
EMR,Qatar,2013,200.0
EUR,Iceland,2013,500.0
EUR,Montenegro,2013,500.0
EMR,Bahrain,2013,500.0
WPR,Mongolia,2013,500.0
AMR,United States of America,2013,1000000.0
AFR,Zambia,2013,1100000.0
AFR,Uganda,2013,1200000.0
AFR,Zimbabwe,2013,1300000.0
AFR,Kenya,2013,1400000.0
AFR,United Republic of Tanzania,2013,1500000.0
AFR,Nigeria,2013,1700000.0
AMR,Uruguay,2013,10000.0
AFR,Burkina Faso,2013,100000.0
EMR,Pakistan,2013,100000.0
AMR,Venezuela (Bolivarian Republic of),2013,100000.0
WPR,Lao People's Democratic Republic,2013,11000.0
EMR,Somalia,2013,11000.0
EUR,Azerbaijan,2013,11000.0
AMR,Costa Rica,2013,11000.0
EMR,Egypt,2013,11000.0
AMR,Argentina,2013,110000.0
AFR,Togo,2013,110000.0
AFR,Mali,2013,110000.0
AFR,Chad,2013,110000.0
AFR,Central African Republic,2013,110000.0
AFR,Guinea,2013,110000.0
AMR,Trinidad and Tobago,2013,12000.0
AFR,Mauritius,2013,12000.0
AMR,Paraguay,2013,12000.0
SEAR,Bhutan,2013,1200.0
EUR,Greece,2013,13000.0
EUR,Italy,2013,130000.0
AMR,Colombia,2013,130000.0
EUR,Croatia,2013,1300.0
EUR,Republic of Moldova,2013,14000.0
AMR,Haiti,2013,140000.0
EUR,Spain,2013,140000.0
AFR,South Sudan,2013,140000.0
AFR,Eritrea,2013,15000.0
EUR,France,2013,150000.0
EUR,Switzerland,2013,16000.0
EUR,Kazakhstan,2013,16000.0
EUR,Romania,2013,17000.0
EMR,Oman,2013,1800.0
EUR,Belarus,2013,19000.0
AFR,Eswatini,2013,190000.0
EMR,Lebanon,2013,1900.0
SEAR,India,2013,2500000.0
AMR,Bolivia (Plurinational State of),2013,20000.0
EMR,Morocco,2013,20000.0
AFR,Namibia,2013,200000.0
AFR,Cabo Verde,2013,2000.0
AFR,Madagascar,2013,21000.0
AFR,Gambia,2013,22000.0
EUR,Netherlands,2013,22000.0
WPR,Viet Nam,2013,220000.0
AFR,Rwanda,2013,220000.0
EUR,Serbia,2013,2200.0
AMR,El Salvador,2013,23000.0
EUR,Ukraine,2013,230000.0
EUR,Bulgaria,2013,2300.0
AMR,Barbados,2013,2300.0
AMR,Cuba,2013,24000.0
WPR,Australia,2013,24000.0
AMR,Honduras,2013,24000.0
EUR,Lithuania,2013,2500.0
SEAR,Myanmar,2013,260000.0
AMR,Mexico,2013,260000.0
AMR,Jamaica,2013,27000.0
WPR,New Zealand,2013,2700.0
SEAR,Nepal,2013,28000.0
AFR,Angola,2013,280000.0
AFR,Lesotho,2013,300000.0
AFR,Ghana,2013,310000.0
AMR,Belize,2013,3200.0
AFR,Niger,2013,33000.0
AMR,Guatemala,2013,34000.0
AMR,Ecuador,2013,34000.0
WPR,Philippines,2013,34000.0
EUR,Uzbekistan,2013,34000.0
AFR,Botswana,2013,340000.0
EUR,Norway,2013,3600.0
EMR,Sudan,2013,38000.0
AFR,Liberia,2013,38000.0
WPR,Papua New Guinea,2013,38000.0
AFR,Guinea-Bissau,2013,38000.0
EMR,Tunisia,2013,3800.0
SEAR,Sri Lanka,2013,3800.0
EUR,Portugal,2013,39000.0
AFR,Equatorial Guinea,2013,44000.0
EUR,Georgia,2013,4400.0
AFR,Senegal,2013,45000.0
AMR,Bahamas,2013,4500.0
AFR,Côte d’Ivoire,2013,460000.0
AFR,Gabon,2013,48000.0
AMR,Chile,2013,48000.0
SEAR,Indonesia,2013,490000.0
EUR,Latvia,2013,5000.0
AFR,Cameroon,2013,520000.0
AMR,Suriname,2013,5200.0
EMR,Syrian Arab Republic,2013,530.0
EUR,Slovakia,2013,540.0
AFR,Democratic Republic of the Congo,2013,550000.0
EUR,Ireland,2013,5600.0
SEAR,Thailand,2013,570000.0
EMR,Libya,2013,5800.0
EMR,Afghanistan,2013,5900.0
EMR,Yemen,2013,5900.0
AFR,South Africa,2013,6100000.0
EUR,Denmark,2013,6000.0
AMR,Peru,2013,64000.0
AFR,Ethiopia,2013,640000.0
WPR,Malaysia,2013,65000.0
WPR,Fiji,2013,650.0
EUR,Kyrgyzstan,2013,6800.0
EMR,Iran (Islamic Republic of),2013,69000.0
AFR,Benin,2013,69000.0
WPR,Singapore,2013,6900.0
EUR,Germany,2013,72000.0
AMR,Brazil,2013,720000.0
AFR,Sierra Leone,2013,73000.0
SEAR,Timor-Leste,2013,730.0
EUR,Slovenia,2013,740.0
AMR,Dominican Republic,2013,75000.0
AMR,Guyana,2013,7700.0
EUR,Tajikistan,2013,7900.0
WPR,Cambodia,2013,82000.0
AFR,Algeria,2013,8500.0
AFR,Burundi,2013,87000.0
EMR,Djibouti,2013,8700.0
AMR,Nicaragua,2013,8700.0
SEAR,Bangladesh,2013,9000.0
EUR,Luxembourg,2013,920.0
EUR,Cyprus,2013,920.0
AFR,Mauritania,2013,9400.0
AFR,Malawi,2013,960000.0
AFR,Congo,2013,98000.0
EUR,Albania,2013,980.0
AFR,Comoros,2012,200.0
EMR,Qatar,2012,200.0
EUR,Iceland,2012,500.0
EUR,Montenegro,2012,500.0
EMR,Bahrain,2012,500.0
WPR,Mongolia,2012,500.0
EUR,Slovakia,2012,500.0
AMR,United States of America,2012,1000000.0
AFR,Uganda,2012,1100000.0
AFR,Zambia,2012,1100000.0
AFR,Zimbabwe,2012,1300000.0
AFR,Kenya,2012,1400000.0
AFR,United Republic of Tanzania,2012,1400000.0
AFR,Nigeria,2012,1700000.0
AMR,Costa Rica,2012,10000.0
WPR,Lao People's Democratic Republic,2012,10000.0
AFR,Burkina Faso,2012,100000.0
AFR,Guinea,2012,100000.0
AMR,Venezuela (Bolivarian Republic of),2012,100000.0
EUR,Azerbaijan,2012,11000.0
AMR,Argentina,2012,110000.0
AFR,Togo,2012,110000.0
AFR,Chad,2012,110000.0
AFR,Mali,2012,110000.0
AFR,Central African Republic,2012,110000.0
EMR,Somalia,2012,12000.0
AMR,Paraguay,2012,12000.0
EUR,Greece,2012,12000.0
AFR,Mauritius,2012,12000.0
AMR,Trinidad and Tobago,2012,12000.0
AMR,Colombia,2012,120000.0
EUR,Italy,2012,120000.0
SEAR,Bhutan,2012,1200.0
EUR,Croatia,2012,1200.0
AMR,Haiti,2012,130000.0
EUR,Republic of Moldova,2012,14000.0
EUR,Kazakhstan,2012,14000.0
EUR,Spain,2012,140000.0
AFR,South Sudan,2012,140000.0
AFR,Eritrea,2012,15000.0
EUR,France,2012,150000.0
EUR,Switzerland,2012,16000.0
EUR,Belarus,2012,17000.0
EUR,Romania,2012,17000.0
EMR,Lebanon,2012,1700.0
EMR,Oman,2012,1700.0
AFR,Madagascar,2012,18000.0
EMR,Morocco,2012,19000.0
AFR,Eswatini,2012,190000.0
AFR,Namibia,2012,190000.0
AFR,Cabo Verde,2012,1900.0
SEAR,India,2012,2600000.0
AMR,Bolivia (Plurinational State of),2012,20000.0
AFR,Gambia,2012,21000.0
EUR,Netherlands,2012,21000.0
EUR,Serbia,2012,2100.0
WPR,Viet Nam,2012,220000.0
AFR,Rwanda,2012,220000.0
EUR,Bulgaria,2012,2200.0
AMR,Barbados,2012,2200.0
AMR,Cuba,2012,23000.0
AMR,El Salvador,2012,23000.0
WPR,Australia,2012,23000.0
EUR,Ukraine,2012,230000.0
EUR,Lithuania,2012,2400.0
AMR,Honduras,2012,25000.0
AMR,Mexico,2012,250000.0
SEAR,Myanmar,2012,250000.0
WPR,New Zealand,2012,2600.0
WPR,Philippines,2012,27000.0
AMR,Jamaica,2012,27000.0
AFR,Angola,2012,270000.0
SEAR,Nepal,2012,29000.0
AFR,Lesotho,2012,290000.0
EUR,Uzbekistan,2012,31000.0
AFR,Ghana,2012,310000.0
AMR,Belize,2012,3200.0
AMR,Ecuador,2012,33000.0
AFR,Niger,2012,34000.0
AFR,Botswana,2012,340000.0
EUR,Norway,2012,3400.0
AMR,Guatemala,2012,35000.0
WPR,Papua New Guinea,2012,36000.0
EMR,Tunisia,2012,3600.0
AFR,Guinea-Bissau,2012,37000.0
EMR,Sudan,2012,38000.0
AFR,Liberia,2012,38000.0
SEAR,Sri Lanka,2012,3800.0
EUR,Portugal,2012,39000.0
EUR,Georgia,2012,3900.0
AFR,Equatorial Guinea,2012,40000.0
AMR,Chile,2012,45000.0
AFR,Senegal,2012,46000.0
AMR,Bahamas,2012,4600.0
SEAR,Indonesia,2012,470000.0
AFR,Gabon,2012,48000.0
AFR,Côte d’Ivoire,2012,480000.0
EUR,Latvia,2012,4800.0
AFR,South Africa,2012,5800000.0
AMR,Suriname,2012,5000.0
EMR,Syrian Arab Republic,2012,520.0
AFR,Cameroon,2012,520000.0
EUR,Ireland,2012,5300.0
EMR,Afghanistan,2012,5400.0
AFR,Democratic Republic of the Congo,2012,550000.0
EMR,Yemen,2012,5500.0
EMR,Libya,2012,5500.0
WPR,Fiji,2012,570.0
SEAR,Thailand,2012,580000.0
EUR,Denmark,2012,5900.0
AMR,Peru,2012,62000.0
AFR,Ethiopia,2012,640000.0
EUR,Kyrgyzstan,2012,6400.0
WPR,Malaysia,2012,65000.0
SEAR,Timor-Leste,2012,660.0
WPR,Singapore,2012,6600.0
AFR,Benin,2012,68000.0
EUR,Germany,2012,69000.0
AMR,Brazil,2012,690000.0
EMR,Iran (Islamic Republic of),2012,71000.0
AFR,Sierra Leone,2012,72000.0
EUR,Slovenia,2012,720.0
EUR,Tajikistan,2012,7200.0
AMR,Dominican Republic,2012,75000.0
AMR,Guyana,2012,7500.0
AFR,Algeria,2012,7600.0
EUR,Cyprus,2012,820.0
WPR,Cambodia,2012,83000.0
SEAR,Bangladesh,2012,8300.0
AMR,Nicaragua,2012,8400.0
EUR,Luxembourg,2012,860.0
AFR,Burundi,2012,89000.0
EMR,Pakistan,2012,89000.0
EUR,Albania,2012,910.0
EMR,Djibouti,2012,9300.0
AFR,Malawi,2012,940000.0
AFR,Congo,2012,95000.0
AFR,Mauritania,2012,9500.0
EMR,Egypt,2012,9500.0
AMR,Uruguay,2012,9600.0
AFR,Comoros,2011,200.0
EMR,Qatar,2011,200.0
EUR,Iceland,2011,200.0
EUR,Montenegro,2011,500.0
EMR,Bahrain,2011,500.0
WPR,Mongolia,2011,500.0
EUR,Slovakia,2011,500.0
WPR,Fiji,2011,500.0
AFR,Zambia,2011,1100000.0
AFR,Uganda,2011,1100000.0
AFR,Zimbabwe,2011,1300000.0
AFR,Kenya,2011,1400000.0
AFR,United Republic of Tanzania,2011,1400000.0
AFR,Nigeria,2011,1700000.0
AFR,Burkina Faso,2011,100000.0
AFR,Guinea,2011,100000.0
AMR,Venezuela (Bolivarian Republic of),2011,100000.0
EUR,Greece,2011,11000.0
EUR,Azerbaijan,2011,11000.0
AMR,Paraguay,2011,11000.0
AFR,Togo,2011,110000.0
AFR,Chad,2011,110000.0
AFR,Mali,2011,110000.0
AMR,Argentina,2011,110000.0
EUR,Croatia,2011,1100.0
EUR,Kazakhstan,2011,12000.0
AFR,Mauritius,2011,12000.0
EMR,Somalia,2011,12000.0
AMR,Trinidad and Tobago,2011,12000.0
EUR,Italy,2011,120000.0
AFR,Central African Republic,2011,120000.0
AMR,Colombia,2011,120000.0
SEAR,Bhutan,2011,1200.0
EUR,Republic of Moldova,2011,13000.0
AMR,Haiti,2011,130000.0
EUR,Spain,2011,130000.0
EUR,France,2011,140000.0
AFR,South Sudan,2011,140000.0
EUR,Belarus,2011,15000.0
AFR,Madagascar,2011,15000.0
EUR,Switzerland,2011,15000.0
EMR,Lebanon,2011,1500.0
AFR,Eritrea,2011,16000.0
EMR,Oman,2011,1600.0
EUR,Romania,2011,17000.0
AFR,Eswatini,2011,180000.0
EMR,Morocco,2011,19000.0
AFR,Namibia,2011,190000.0
EUR,Serbia,2011,1900.0
AFR,Cabo Verde,2011,1900.0
SEAR,India,2011,2600000.0
AMR,Bolivia (Plurinational State of),2011,20000.0
EUR,Netherlands,2011,20000.0
AFR,Gambia,2011,21000.0
AMR,Cuba,2011,21000.0
WPR,Philippines,2011,21000.0
WPR,Viet Nam,2011,210000.0
EUR,Bulgaria,2011,2100.0
WPR,Australia,2011,22000.0
AFR,Rwanda,2011,220000.0
AMR,Barbados,2011,2200.0
AMR,El Salvador,2011,23000.0
EUR,Ukraine,2011,230000.0
EUR,Lithuania,2011,2300.0
AMR,Mexico,2011,240000.0
SEAR,Myanmar,2011,250000.0
WPR,New Zealand,2011,2500.0
AMR,Honduras,2011,26000.0
AMR,Jamaica,2011,26000.0
AFR,Angola,2011,260000.0
EUR,Uzbekistan,2011,28000.0
AFR,Lesotho,2011,290000.0
SEAR,Nepal,2011,30000.0
AFR,Ghana,2011,310000.0
AMR,Belize,2011,3100.0
AMR,Ecuador,2011,32000.0
EUR,Norway,2011,3200.0
AFR,Botswana,2011,330000.0
EMR,Tunisia,2011,3300.0
WPR,Papua New Guinea,2011,34000.0
AFR,Niger,2011,35000.0
EUR,Georgia,2011,3500.0
AMR,Guatemala,2011,36000.0
AFR,Guinea-Bissau,2011,37000.0
AFR,Equatorial Guinea,2011,37000.0
EMR,Sudan,2011,38000.0
EUR,Portugal,2011,38000.0
SEAR,Sri Lanka,2011,3800.0
AFR,Liberia,2011,39000.0
AMR,Chile,2011,42000.0
SEAR,Indonesia,2011,440000.0
EUR,Latvia,2011,4600.0
AMR,Bahamas,2011,4600.0
AFR,Gabon,2011,47000.0
AFR,Senegal,2011,47000.0
EMR,Afghanistan,2011,4800.0
AFR,Côte d’Ivoire,2011,490000.0
AMR,Suriname,2011,4900.0
AFR,South Africa,2011,5600000.0
EUR,Ireland,2011,5000.0
EMR,Yemen,2011,5000.0
EMR,Syrian Arab Republic,2011,510.0
AFR,Cameroon,2011,520000.0
EMR,Libya,2011,5200.0
AFR,Democratic Republic of the Congo,2011,560000.0
EUR,Denmark,2011,5700.0
SEAR,Timor-Leste,2011,590.0
EUR,Kyrgyzstan,2011,5900.0
AMR,Peru,2011,60000.0
SEAR,Thailand,2011,600000.0
WPR,Singapore,2011,6300.0
EUR,Tajikistan,2011,6300.0
WPR,Malaysia,2011,64000.0
AFR,Ethiopia,2011,640000.0
EUR,Germany,2011,66000.0
AMR,Brazil,2011,660000.0
AFR,Benin,2011,67000.0
AFR,Algeria,2011,6800.0
EUR,Slovenia,2011,690.0
AFR,Sierra Leone,2011,71000.0
EMR,Iran (Islamic Republic of),2011,72000.0
AMR,Guyana,2011,7200.0
EUR,Cyprus,2011,730.0
AMR,Dominican Republic,2011,75000.0
EMR,Pakistan,2011,77000.0
SEAR,Bangladesh,2011,7700.0
EUR,Luxembourg,2011,800.0
AMR,Nicaragua,2011,8000.0
EMR,Egypt,2011,8200.0
WPR,Cambodia,2011,83000.0
EUR,Albania,2011,840.0
AFR,Burundi,2011,90000.0
AFR,Congo,2011,92000.0
AMR,Uruguay,2011,9200.0
AMR,Costa Rica,2011,9300.0
AFR,Malawi,2011,940000.0
AFR,Mauritania,2011,9600.0
WPR,Lao People's Democratic Republic,2011,9600.0
AMR,United States of America,2011,970000.0
EMR,Djibouti,2011,9800.0
EMR,Qatar,2010,200.0
AFR,Comoros,2010,200.0
EUR,Iceland,2010,200.0
EUR,Montenegro,2010,200.0
EMR,Bahrain,2010,500.0
WPR,Mongolia,2010,500.0
EUR,Slovakia,2010,500.0
EMR,Syrian Arab Republic,2010,500.0
WPR,Fiji,2010,500.0
AFR,Zambia,2010,1000000.0
AFR,Uganda,2010,1100000.0
AFR,Zimbabwe,2010,1200000.0
AFR,Kenya,2010,1400000.0
AFR,United Republic of Tanzania,2010,1400000.0
AFR,Nigeria,2010,1700000.0
EMR,Djibouti,2010,10000.0
EUR,Greece,2010,10000.0
AFR,Guinea,2010,100000.0
AMR,Argentina,2010,100000.0
AMR,Venezuela (Bolivarian Republic of),2010,100000.0
EUR,Kazakhstan,2010,11000.0
EUR,Azerbaijan,2010,11000.0
AMR,Paraguay,2010,11000.0
AFR,Togo,2010,110000.0
AFR,Chad,2010,110000.0
AFR,Mali,2010,110000.0
AFR,Burkina Faso,2010,110000.0
SEAR,Bhutan,2010,1100.0
EUR,Croatia,2010,1100.0
AFR,Mauritius,2010,12000.0
AMR,Trinidad and Tobago,2010,12000.0
EUR,Italy,2010,120000.0
AFR,Central African Republic,2010,120000.0
AMR,Colombia,2010,120000.0
EMR,Somalia,2010,13000.0
EUR,Republic of Moldova,2010,13000.0
AFR,Madagascar,2010,13000.0
EUR,Spain,2010,130000.0
AMR,Haiti,2010,130000.0
AFR,South Sudan,2010,130000.0
EMR,Lebanon,2010,1300.0
EUR,Belarus,2010,14000.0
EUR,France,2010,140000.0
EUR,Switzerland,2010,15000.0
AFR,Eritrea,2010,16000.0
EMR,Oman,2010,1600.0
WPR,Philippines,2010,17000.0
EUR,Romania,2010,17000.0
EUR,Serbia,2010,1700.0
EMR,Morocco,2010,18000.0
AFR,Eswatini,2010,180000.0
AFR,Namibia,2010,180000.0
AMR,Bolivia (Plurinational State of),2010,19000.0
EUR,Netherlands,2010,19000.0
AFR,Cabo Verde,2010,1900.0
SEAR,India,2010,2700000.0
AFR,Gambia,2010,20000.0
AMR,Cuba,2010,20000.0
EUR,Bulgaria,2010,2000.0
WPR,Australia,2010,21000.0
WPR,Viet Nam,2010,210000.0
AMR,Barbados,2010,2100.0
AMR,El Salvador,2010,22000.0
AFR,Rwanda,2010,220000.0
EUR,Lithuania,2010,2200.0
AMR,Mexico,2010,230000.0
EUR,Ukraine,2010,230000.0
WPR,New Zealand,2010,2300.0
EUR,Uzbekistan,2010,25000.0
AFR,Angola,2010,250000.0
SEAR,Myanmar,2010,250000.0
AMR,Jamaica,2010,26000.0
AMR,Honduras,2010,27000.0
AFR,Lesotho,2010,280000.0
EMR,Tunisia,2010,2900.0
SEAR,Nepal,2010,30000.0
AMR,Ecuador,2010,30000.0
EUR,Norway,2010,3000.0
EUR,Georgia,2010,3000.0
AFR,Ghana,2010,310000.0
AMR,Belize,2010,3100.0
AFR,Botswana,2010,320000.0
WPR,Papua New Guinea,2010,33000.0
AFR,Equatorial Guinea,2010,34000.0
AFR,Guinea-Bissau,2010,36000.0
AFR,Niger,2010,36000.0
AMR,Guatemala,2010,37000.0
EMR,Sudan,2010,37000.0
EUR,Portugal,2010,37000.0
SEAR,Sri Lanka,2010,3800.0
AFR,Liberia,2010,39000.0
AMR,Chile,2010,39000.0
SEAR,Indonesia,2010,410000.0
EMR,Afghanistan,2010,4400.0
EUR,Latvia,2010,4500.0
AMR,Bahamas,2010,4600.0
EMR,Yemen,2010,4600.0
AFR,Gabon,2010,47000.0
EUR,Ireland,2010,4700.0
AFR,Senegal,2010,48000.0
AMR,Suriname,2010,4800.0
EMR,Libya,2010,4800.0
AFR,South Africa,2010,5300000.0
AFR,Côte d’Ivoire,2010,500000.0
AFR,Cameroon,2010,520000.0
SEAR,Timor-Leste,2010,530.0
EUR,Tajikistan,2010,5300.0
EUR,Kyrgyzstan,2010,5300.0
EUR,Denmark,2010,5500.0
AFR,Democratic Republic of the Congo,2010,570000.0
AMR,Peru,2010,58000.0
WPR,Singapore,2010,5900.0
SEAR,Thailand,2010,610000.0
AFR,Algeria,2010,6100.0
WPR,Malaysia,2010,63000.0
AMR,Brazil,2010,630000.0
EUR,Germany,2010,64000.0
AFR,Ethiopia,2010,640000.0
EUR,Cyprus,2010,650.0
EUR,Slovenia,2010,650.0
AFR,Benin,2010,66000.0
EMR,Pakistan,2010,66000.0
AFR,Sierra Leone,2010,70000.0
AMR,Guyana,2010,7000.0
EMR,Egypt,2010,7100.0
SEAR,Bangladesh,2010,7100.0
EMR,Iran (Islamic Republic of),2010,73000.0
EUR,Luxembourg,2010,740.0
AMR,Dominican Republic,2010,75000.0
EUR,Albania,2010,760.0
AMR,Nicaragua,2010,7600.0
WPR,Cambodia,2010,84000.0
AMR,Costa Rica,2010,8600.0
AMR,Uruguay,2010,8700.0
WPR,Lao People's Democratic Republic,2010,8800.0
AFR,Congo,2010,90000.0
AFR,Burundi,2010,92000.0
AFR,Malawi,2010,930000.0
AMR,United States of America,2010,940000.0
AFR,Mauritania,2010,9600.0
EMR,Qatar,2009,200.0
AFR,Comoros,2009,200.0
EUR,Iceland,2009,200.0
EUR,Montenegro,2009,200.0
EMR,Bahrain,2009,500.0
WPR,Mongolia,2009,500.0
EUR,Slovakia,2009,500.0
WPR,Fiji,2009,500.0
SEAR,Timor-Leste,2009,500.0
EMR,Syrian Arab Republic,2009,500.0
AFR,Uganda,2009,1000000.0
AFR,Zambia,2009,1000000.0
AFR,Zimbabwe,2009,1200000.0
AFR,United Republic of Tanzania,2009,1400000.0
AFR,Kenya,2009,1400000.0
AFR,Nigeria,2009,1700000.0
AFR,Madagascar,2009,10000.0
AMR,Paraguay,2009,10000.0
AMR,Venezuela (Bolivarian Republic of),2009,100000.0
EUR,Croatia,2009,1000.0
AFR,Mauritius,2009,11000.0
EMR,Djibouti,2009,11000.0
EUR,Azerbaijan,2009,11000.0
AFR,Togo,2009,110000.0
AFR,Chad,2009,110000.0
AFR,Mali,2009,110000.0
AMR,Colombia,2009,110000.0
AFR,Burkina Faso,2009,110000.0
EUR,Italy,2009,110000.0
SEAR,Bhutan,2009,1100.0
EUR,Republic of Moldova,2009,12000.0
WPR,Philippines,2009,12000.0
AMR,Trinidad and Tobago,2009,12000.0
EUR,Belarus,2009,12000.0
EMR,Lebanon,2009,1200.0
AFR,Central African Republic,2009,130000.0
EUR,France,2009,130000.0
AFR,South Sudan,2009,130000.0
EUR,Spain,2009,130000.0
AMR,Haiti,2009,130000.0
EMR,Somalia,2009,14000.0
EUR,Switzerland,2009,15000.0
EMR,Oman,2009,1500.0
EUR,Romania,2009,16000.0
EUR,Serbia,2009,1600.0
AFR,Eritrea,2009,17000.0
EMR,Morocco,2009,17000.0
EUR,Netherlands,2009,18000.0
AFR,Eswatini,2009,180000.0
AFR,Namibia,2009,180000.0
AFR,Cabo Verde,2009,1800.0
AFR,Gambia,2009,19000.0
AMR,Bolivia (Plurinational State of),2009,19000.0
AMR,Cuba,2009,19000.0
EUR,Bulgaria,2009,1900.0
SEAR,India,2009,2800000.0
WPR,Australia,2009,20000.0
WPR,Viet Nam,2009,200000.0
EUR,Lithuania,2009,2100.0
AMR,Barbados,2009,2100.0
EUR,Uzbekistan,2009,22000.0
AMR,El Salvador,2009,22000.0
AMR,Mexico,2009,220000.0
AFR,Rwanda,2009,220000.0
WPR,New Zealand,2009,2200.0
AFR,Angola,2009,230000.0
EUR,Ukraine,2009,240000.0
AMR,Jamaica,2009,25000.0
SEAR,Myanmar,2009,250000.0
EUR,Georgia,2009,2500.0
EMR,Tunisia,2009,2600.0
AMR,Honduras,2009,28000.0
AFR,Lesotho,2009,280000.0
EUR,Norway,2009,2800.0
AMR,Ecuador,2009,29000.0
AFR,Ghana,2009,300000.0
SEAR,Nepal,2009,31000.0
WPR,Papua New Guinea,2009,31000.0
AFR,Equatorial Guinea,2009,31000.0
AMR,Belize,2009,3100.0
AFR,Botswana,2009,320000.0
AFR,Guinea-Bissau,2009,35000.0
AMR,Guatemala,2009,37000.0
EMR,Sudan,2009,37000.0
AMR,Chile,2009,37000.0
EUR,Portugal,2009,37000.0
AFR,Niger,2009,37000.0
SEAR,Indonesia,2009,370000.0
EUR,Tajikistan,2009,3700.0
SEAR,Sri Lanka,2009,3800.0
AFR,Liberia,2009,40000.0
EMR,Afghanistan,2009,4100.0
EMR,Yemen,2009,4200.0
EUR,Latvia,2009,4300.0
EUR,Ireland,2009,4300.0
EMR,Libya,2009,4400.0
AMR,Bahamas,2009,4500.0
AFR,Gabon,2009,46000.0
AMR,Suriname,2009,4700.0
EUR,Kyrgyzstan,2009,4700.0
AFR,Senegal,2009,48000.0
AFR,South Africa,2009,5000000.0
AFR,Côte d’Ivoire,2009,510000.0
AFR,Cameroon,2009,510000.0
EUR,Denmark,2009,5400.0
EMR,Pakistan,2009,55000.0
EUR,Cyprus,2009,560.0
WPR,Singapore,2009,5600.0
AFR,Algeria,2009,5600.0
AMR,Peru,2009,57000.0
AFR,Democratic Republic of the Congo,2009,580000.0
AMR,Brazil,2009,600000.0
EUR,Slovenia,2009,610.0
WPR,Malaysia,2009,62000.0
SEAR,Thailand,2009,620000.0
EMR,Egypt,2009,6200.0
AFR,Benin,2009,64000.0
AFR,Ethiopia,2009,640000.0
SEAR,Bangladesh,2009,6500.0
AMR,Guyana,2009,6600.0
EUR,Albania,2009,680.0
EUR,Luxembourg,2009,680.0
AFR,Sierra Leone,2009,69000.0
EMR,Iran (Islamic Republic of),2009,72000.0
AMR,Nicaragua,2009,7300.0
AMR,Dominican Republic,2009,75000.0
AMR,Costa Rica,2009,8100.0
WPR,Lao People's Democratic Republic,2009,8100.0
AMR,Uruguay,2009,8300.0
WPR,Cambodia,2009,84000.0
AFR,Congo,2009,88000.0
AFR,Malawi,2009,920000.0
EUR,Kazakhstan,2009,9200.0
EUR,Greece,2009,9200.0
AFR,Burundi,2009,95000.0
AFR,Mauritania,2009,9600.0
AFR,Guinea,2009,97000.0
AMR,Argentina,2009,97000.0
EMR,Qatar,2008,200.0
AFR,Comoros,2008,200.0
EUR,Iceland,2008,200.0
EUR,Montenegro,2008,200.0
EMR,Bahrain,2008,500.0
WPR,Mongolia,2008,500.0
EUR,Slovakia,2008,500.0
WPR,Fiji,2008,500.0
SEAR,Timor-Leste,2008,500.0
EMR,Syrian Arab Republic,2008,500.0
AFR,Uganda,2008,1000000.0
AFR,Zimbabwe,2008,1300000.0
AFR,United Republic of Tanzania,2008,1400000.0
AFR,Kenya,2008,1400000.0
AFR,Nigeria,2008,1600000.0
EUR,Belarus,2008,10000.0
AFR,Chad,2008,100000.0
AMR,Venezuela (Bolivarian Republic of),2008,100000.0
EUR,Azerbaijan,2008,11000.0
AFR,Mauritius,2008,11000.0
AFR,Togo,2008,110000.0
AMR,Colombia,2008,110000.0
AFR,Mali,2008,110000.0
EUR,Italy,2008,110000.0
AFR,Burkina Faso,2008,110000.0
SEAR,Bhutan,2008,1100.0
EMR,Lebanon,2008,1100.0
AMR,Trinidad and Tobago,2008,12000.0
EMR,Djibouti,2008,12000.0
EUR,Republic of Moldova,2008,12000.0
AFR,South Sudan,2008,120000.0
EUR,France,2008,130000.0
EUR,Spain,2008,130000.0
AMR,Haiti,2008,130000.0
AFR,Central African Republic,2008,130000.0
EMR,Somalia,2008,14000.0
EUR,Switzerland,2008,14000.0
EUR,Serbia,2008,1400.0
EMR,Oman,2008,1500.0
EUR,Romania,2008,16000.0
AFR,Eritrea,2008,17000.0
EMR,Morocco,2008,17000.0
EUR,Netherlands,2008,17000.0
AFR,Eswatini,2008,170000.0
AMR,Cuba,2008,18000.0
AFR,Namibia,2008,180000.0
EUR,Bulgaria,2008,1800.0
AFR,Cabo Verde,2008,1800.0
EUR,Uzbekistan,2008,19000.0
AFR,Gambia,2008,19000.0
AMR,Bolivia (Plurinational State of),2008,19000.0
WPR,Australia,2008,19000.0
WPR,Viet Nam,2008,190000.0
EUR,Lithuania,2008,1900.0
SEAR,India,2008,2900000.0
AMR,Barbados,2008,2000.0
AMR,El Salvador,2008,21000.0
AMR,Mexico,2008,210000.0
WPR,New Zealand,2008,2100.0
EUR,Georgia,2008,2100.0
AFR,Angola,2008,220000.0
AFR,Rwanda,2008,220000.0
EMR,Tunisia,2008,2200.0
EUR,Ukraine,2008,240000.0
SEAR,Myanmar,2008,240000.0
AMR,Jamaica,2008,25000.0
EUR,Norway,2008,2600.0
EUR,Tajikistan,2008,2600.0
AFR,Lesotho,2008,270000.0
AMR,Ecuador,2008,28000.0
AMR,Honduras,2008,28000.0
AFR,Equatorial Guinea,2008,28000.0
WPR,Papua New Guinea,2008,29000.0
AFR,Ghana,2008,300000.0
SEAR,Nepal,2008,31000.0
AFR,Botswana,2008,310000.0
AMR,Belize,2008,3100.0
SEAR,Indonesia,2008,330000.0
AMR,Chile,2008,34000.0
AFR,Guinea-Bissau,2008,34000.0
EUR,Portugal,2008,36000.0
AMR,Guatemala,2008,37000.0
EMR,Sudan,2008,37000.0
SEAR,Sri Lanka,2008,3700.0
AFR,Niger,2008,38000.0
EMR,Afghanistan,2008,3800.0
EUR,Kyrgyzstan,2008,3800.0
EMR,Yemen,2008,3900.0
AFR,South Africa,2008,4800000.0
AFR,Liberia,2008,40000.0
EUR,Ireland,2008,4000.0
EMR,Libya,2008,4000.0
EMR,Pakistan,2008,42000.0
EUR,Latvia,2008,4200.0
AMR,Bahamas,2008,4400.0
AFR,Gabon,2008,45000.0
AMR,Suriname,2008,4500.0
AFR,Senegal,2008,48000.0
EUR,Cyprus,2008,510.0
AFR,Cameroon,2008,510000.0
AFR,Algeria,2008,5100.0
EUR,Denmark,2008,5200.0
AFR,Côte d’Ivoire,2008,530000.0
WPR,Singapore,2008,5300.0
EMR,Egypt,2008,5300.0
AMR,Peru,2008,56000.0
EUR,Slovenia,2008,570.0
AMR,Brazil,2008,570000.0
SEAR,Bangladesh,2008,5800.0
AFR,Democratic Republic of the Congo,2008,590000.0
EUR,Albania,2008,600.0
WPR,Malaysia,2008,62000.0
AFR,Benin,2008,63000.0
EUR,Luxembourg,2008,630.0
SEAR,Thailand,2008,630000.0
AMR,Guyana,2008,6300.0
AFR,Ethiopia,2008,650000.0
AFR,Sierra Leone,2008,68000.0
AMR,Nicaragua,2008,6900.0
EMR,Iran (Islamic Republic of),2008,70000.0
WPR,Lao People's Democratic Republic,2008,7300.0
AMR,Dominican Republic,2008,75000.0
AMR,Costa Rica,2008,7500.0
EUR,Kazakhstan,2008,7800.0
AMR,Uruguay,2008,7900.0
EUR,Greece,2008,8300.0
WPR,Cambodia,2008,84000.0
AFR,Madagascar,2008,8400.0
AFR,Congo,2008,85000.0
WPR,Philippines,2008,8700.0
AFR,Malawi,2008,920000.0
AFR,Guinea,2008,94000.0
AMR,Argentina,2008,94000.0
EUR,Croatia,2008,940.0
AFR,Mauritania,2008,9600.0
AFR,Burundi,2008,97000.0
AFR,Zambia,2008,970000.0
AMR,Paraguay,2008,9900.0
EMR,Qatar,2007,200.0
AFR,Comoros,2007,200.0
EUR,Iceland,2007,200.0
EUR,Montenegro,2007,200.0
WPR,Fiji,2007,500.0
EMR,Bahrain,2007,500.0
WPR,Mongolia,2007,500.0
EUR,Slovakia,2007,500.0
EUR,Cyprus,2007,500.0
SEAR,Timor-Leste,2007,500.0
EMR,Syrian Arab Republic,2007,500.0
AFR,Uganda,2007,1000000.0
AFR,Zimbabwe,2007,1300000.0
AFR,United Republic of Tanzania,2007,1400000.0
AFR,Kenya,2007,1400000.0
AFR,Nigeria,2007,1600000.0
EUR,Azerbaijan,2007,10000.0
AFR,Mauritius,2007,10000.0
AFR,Chad,2007,100000.0
AFR,Burundi,2007,100000.0
AFR,Mali,2007,100000.0
EUR,Italy,2007,100000.0
AMR,Venezuela (Bolivarian Republic of),2007,100000.0
EMR,Lebanon,2007,1000.0
EUR,Republic of Moldova,2007,11000.0
AFR,Togo,2007,110000.0
AMR,Colombia,2007,110000.0
AFR,Burkina Faso,2007,110000.0
SEAR,Bhutan,2007,1100.0
AMR,Trinidad and Tobago,2007,12000.0
EMR,Djibouti,2007,12000.0
EUR,France,2007,120000.0
AFR,South Sudan,2007,120000.0
EUR,Spain,2007,130000.0
AMR,Haiti,2007,130000.0
EUR,Serbia,2007,1300.0
EUR,Switzerland,2007,14000.0
AFR,Central African Republic,2007,140000.0
EMR,Oman,2007,1400.0
EUR,Uzbekistan,2007,15000.0
EMR,Somalia,2007,15000.0
EUR,Romania,2007,16000.0
EMR,Morocco,2007,16000.0
EUR,Netherlands,2007,16000.0
AMR,Cuba,2007,17000.0
AFR,Eswatini,2007,170000.0
AFR,Namibia,2007,170000.0
AFR,Cabo Verde,2007,1700.0
EUR,Bulgaria,2007,1700.0
EUR,Georgia,2007,1700.0
AFR,Eritrea,2007,18000.0
AFR,Gambia,2007,18000.0
WPR,Australia,2007,18000.0
EMR,Tunisia,2007,1800.0
EUR,Tajikistan,2007,1800.0
EUR,Lithuania,2007,1800.0
AMR,Bolivia (Plurinational State of),2007,19000.0
WPR,Viet Nam,2007,190000.0
AMR,Barbados,2007,1900.0
AMR,Mexico,2007,200000.0
WPR,New Zealand,2007,2000.0
AMR,El Salvador,2007,21000.0
AFR,Angola,2007,210000.0
AFR,Rwanda,2007,210000.0
EUR,Ukraine,2007,240000.0
SEAR,Myanmar,2007,240000.0
AMR,Jamaica,2007,25000.0
EUR,Norway,2007,2500.0
AFR,Equatorial Guinea,2007,26000.0
AFR,Lesotho,2007,260000.0
AMR,Ecuador,2007,27000.0
WPR,Papua New Guinea,2007,28000.0
AMR,Honduras,2007,29000.0
SEAR,Indonesia,2007,290000.0
EUR,Kyrgyzstan,2007,2900.0
SEAR,India,2007,3000000.0
EMR,Pakistan,2007,30000.0
AFR,Ghana,2007,300000.0
SEAR,Nepal,2007,31000.0
AFR,Botswana,2007,310000.0
AMR,Belize,2007,3100.0
AMR,Chile,2007,32000.0
AFR,Guinea-Bissau,2007,32000.0
EUR,Portugal,2007,35000.0
EMR,Afghanistan,2007,3500.0
EMR,Libya,2007,3500.0
EUR,Ireland,2007,3600.0
EMR,Yemen,2007,3600.0
EMR,Sudan,2007,37000.0
SEAR,Sri Lanka,2007,3700.0
AMR,Guatemala,2007,38000.0
AFR,South Africa,2007,4600000.0
AFR,Niger,2007,40000.0
AFR,Liberia,2007,40000.0
EUR,Latvia,2007,4100.0
AMR,Suriname,2007,4300.0
AMR,Bahamas,2007,4300.0
AFR,Gabon,2007,44000.0
EMR,Egypt,2007,4600.0
AFR,Algeria,2007,4700.0
AFR,Senegal,2007,48000.0
AFR,Cameroon,2007,500000.0
WPR,Singapore,2007,5000.0
EUR,Denmark,2007,5000.0
EUR,Slovenia,2007,510.0
EUR,Albania,2007,520.0
SEAR,Bangladesh,2007,5200.0
AMR,Brazil,2007,540000.0
AMR,Peru,2007,55000.0
AFR,Côte d’Ivoire,2007,550000.0
EUR,Luxembourg,2007,580.0
AFR,Democratic Republic of the Congo,2007,590000.0
AMR,Guyana,2007,6000.0
WPR,Malaysia,2007,61000.0
AFR,Benin,2007,63000.0
SEAR,Thailand,2007,640000.0
WPR,Lao People's Democratic Republic,2007,6500.0
EUR,Kazakhstan,2007,6500.0
EMR,Iran (Islamic Republic of),2007,66000.0
AFR,Ethiopia,2007,660000.0
AMR,Nicaragua,2007,6600.0
AFR,Sierra Leone,2007,67000.0
WPR,Philippines,2007,6700.0
AFR,Madagascar,2007,6800.0
AMR,Costa Rica,2007,7000.0
AMR,Dominican Republic,2007,75000.0
AMR,Uruguay,2007,7500.0
EUR,Greece,2007,7600.0
WPR,Cambodia,2007,84000.0
AFR,Congo,2007,84000.0
EUR,Belarus,2007,8600.0
EUR,Croatia,2007,890.0
AMR,Argentina,2007,90000.0
AFR,Guinea,2007,92000.0
AFR,Malawi,2007,920000.0
AMR,Paraguay,2007,9500.0
AFR,Mauritania,2007,9500.0
AFR,Zambia,2007,960000.0
EMR,Qatar,2006,100.0
EUR,Iceland,2006,200.0
EUR,Montenegro,2006,200.0
AFR,Comoros,2006,200.0
WPR,Fiji,2006,500.0
EMR,Bahrain,2006,500.0
EUR,Cyprus,2006,500.0
WPR,Mongolia,2006,500.0
EUR,Slovakia,2006,500.0
EUR,Albania,2006,500.0
EUR,Slovenia,2006,500.0
SEAR,Timor-Leste,2006,500.0
EMR,Syrian Arab Republic,2006,500.0
AFR,Zimbabwe,2006,1300000.0
AFR,United Republic of Tanzania,2006,1400000.0
AFR,Kenya,2006,1400000.0
AFR,Nigeria,2006,1600000.0
EUR,Republic of Moldova,2006,10000.0
AFR,Chad,2006,100000.0
AMR,Colombia,2006,100000.0
EUR,Italy,2006,100000.0
AFR,Mali,2006,100000.0
AMR,Venezuela (Bolivarian Republic of),2006,100000.0
AFR,Burundi,2006,100000.0
SEAR,Bhutan,2006,1000.0
AFR,South Sudan,2006,110000.0
AFR,Togo,2006,110000.0
AFR,Burkina Faso,2006,110000.0
EUR,France,2006,110000.0
EUR,Tajikistan,2006,1100.0
AMR,Trinidad and Tobago,2006,12000.0
EUR,Uzbekistan,2006,12000.0
EUR,Spain,2006,120000.0
EUR,Serbia,2006,1200.0
EUR,Switzerland,2006,13000.0
EMR,Djibouti,2006,13000.0
AMR,Haiti,2006,130000.0
AFR,Central African Republic,2006,140000.0
EUR,Georgia,2006,1400.0
EMR,Oman,2006,1400.0
EMR,Tunisia,2006,1400.0
EUR,Romania,2006,15000.0
EMR,Somalia,2006,15000.0
EMR,Morocco,2006,15000.0
EUR,Netherlands,2006,16000.0
AMR,Cuba,2006,16000.0
AFR,Eswatini,2006,160000.0
EUR,Bulgaria,2006,1600.0
AFR,Gambia,2006,17000.0
WPR,Australia,2006,17000.0
AFR,Namibia,2006,170000.0
EUR,Lithuania,2006,1700.0
AFR,Cabo Verde,2006,1700.0
AMR,Bolivia (Plurinational State of),2006,18000.0
WPR,Viet Nam,2006,180000.0
AMR,Mexico,2006,180000.0
WPR,New Zealand,2006,1800.0
AMR,Barbados,2006,1800.0
AFR,Eritrea,2006,19000.0
AFR,Angola,2006,190000.0
AMR,El Salvador,2006,20000.0
EMR,Pakistan,2006,20000.0
AFR,Rwanda,2006,210000.0
EUR,Kyrgyzstan,2006,2200.0
AFR,Equatorial Guinea,2006,23000.0
SEAR,Myanmar,2006,230000.0
AMR,Jamaica,2006,24000.0
EUR,Ukraine,2006,240000.0
EUR,Norway,2006,2400.0
SEAR,Indonesia,2006,250000.0
AMR,Ecuador,2006,26000.0
WPR,Papua New Guinea,2006,26000.0
AFR,Lesotho,2006,260000.0
SEAR,India,2006,3100000.0
AMR,Chile,2006,30000.0
AMR,Honduras,2006,30000.0
SEAR,Nepal,2006,30000.0
AFR,Botswana,2006,300000.0
AMR,Belize,2006,3000.0
AFR,Guinea-Bissau,2006,31000.0
AFR,Ghana,2006,310000.0
EMR,Libya,2006,3100.0
EMR,Afghanistan,2006,3200.0
EUR,Ireland,2006,3200.0
EMR,Yemen,2006,3400.0
EUR,Portugal,2006,35000.0
SEAR,Sri Lanka,2006,3500.0
EMR,Sudan,2006,36000.0
AMR,Guatemala,2006,38000.0
AFR,South Africa,2006,4400000.0
EUR,Latvia,2006,4000.0
EMR,Egypt,2006,4000.0
AFR,Liberia,2006,41000.0
AFR,Niger,2006,41000.0
AMR,Suriname,2006,4200.0
AMR,Bahamas,2006,4200.0
AFR,Gabon,2006,43000.0
AFR,Algeria,2006,4300.0
SEAR,Bangladesh,2006,4500.0
WPR,Singapore,2006,4700.0
AFR,Senegal,2006,48000.0
AFR,Cameroon,2006,490000.0
EUR,Denmark,2006,4900.0
AMR,Brazil,2006,510000.0
WPR,Philippines,2006,5100.0
EUR,Kazakhstan,2006,5200.0
AMR,Peru,2006,54000.0
EUR,Luxembourg,2006,540.0
AFR,Madagascar,2006,5500.0
AMR,Guyana,2006,5600.0
AFR,Côte d’Ivoire,2006,570000.0
WPR,Lao People's Democratic Republic,2006,5800.0
WPR,Malaysia,2006,60000.0
AFR,Democratic Republic of the Congo,2006,600000.0
EMR,Iran (Islamic Republic of),2006,61000.0
AMR,Nicaragua,2006,6200.0
AFR,Benin,2006,63000.0
SEAR,Thailand,2006,650000.0
AMR,Costa Rica,2006,6500.0
AFR,Sierra Leone,2006,66000.0
AFR,Ethiopia,2006,680000.0
EUR,Greece,2006,6900.0
EUR,Belarus,2006,7000.0
AMR,Uruguay,2006,7200.0
AMR,Dominican Republic,2006,75000.0
AFR,Congo,2006,82000.0
EUR,Croatia,2006,830.0
WPR,Cambodia,2006,84000.0
AMR,Argentina,2006,86000.0
AFR,Guinea,2006,90000.0
AMR,Paraguay,2006,9100.0
AFR,Malawi,2006,920000.0
EMR,Lebanon,2006,940.0
AFR,Zambia,2006,940000.0
AFR,Mauritania,2006,9400.0
EUR,Azerbaijan,2006,9800.0
AFR,Uganda,2006,990000.0
AFR,Mauritius,2006,9900.0
EMR,Qatar,2005,100.0
EUR,Iceland,2005,200.0
EUR,Montenegro,2005,200.0
AFR,Comoros,2005,200.0
WPR,Mongolia,2005,500.0
WPR,Fiji,2005,500.0
EUR,Albania,2005,500.0
EMR,Bahrain,2005,500.0
EUR,Cyprus,2005,500.0
EUR,Slovakia,2005,500.0
EUR,Slovenia,2005,500.0
EUR,Luxembourg,2005,500.0
EMR,Syrian Arab Republic,2005,500.0
SEAR,Timor-Leste,2005,500.0
AFR,Zimbabwe,2005,1400000.0
AFR,United Republic of Tanzania,2005,1400000.0
AFR,Kenya,2005,1400000.0
AFR,Nigeria,2005,1600000.0
EMR,Pakistan,2005,10000.0
AMR,Colombia,2005,100000.0
AFR,Chad,2005,100000.0
EUR,Serbia,2005,1000.0
AFR,South Sudan,2005,110000.0
AFR,Togo,2005,110000.0
AFR,Mali,2005,110000.0
EUR,France,2005,110000.0
AFR,Burundi,2005,110000.0
EMR,Tunisia,2005,1100.0
EUR,Georgia,2005,1100.0
AMR,Trinidad and Tobago,2005,12000.0
AFR,Burkina Faso,2005,120000.0
EUR,Spain,2005,120000.0
EUR,Switzerland,2005,13000.0
EMR,Djibouti,2005,13000.0
AMR,Haiti,2005,130000.0
EUR,Romania,2005,14000.0
EMR,Oman,2005,1400.0
EUR,Netherlands,2005,15000.0
EMR,Morocco,2005,15000.0
EMR,Somalia,2005,15000.0
AMR,Cuba,2005,15000.0
AFR,Central African Republic,2005,150000.0
AFR,Gambia,2005,16000.0
WPR,Australia,2005,16000.0
AFR,Eswatini,2005,160000.0
EUR,Bulgaria,2005,1600.0
EUR,Lithuania,2005,1600.0
EUR,Kyrgyzstan,2005,1600.0
AFR,Namibia,2005,170000.0
WPR,Viet Nam,2005,170000.0
AFR,Angola,2005,170000.0
AMR,Mexico,2005,170000.0
AFR,Cabo Verde,2005,1700.0
WPR,New Zealand,2005,1700.0
AMR,Barbados,2005,1700.0
AMR,Bolivia (Plurinational State of),2005,18000.0
AMR,El Salvador,2005,19000.0
AFR,Eritrea,2005,20000.0
AFR,Equatorial Guinea,2005,21000.0
SEAR,Indonesia,2005,210000.0
AFR,Rwanda,2005,210000.0
SEAR,Myanmar,2005,230000.0
EUR,Norway,2005,2300.0
WPR,Papua New Guinea,2005,24000.0
AMR,Jamaica,2005,24000.0
EUR,Ukraine,2005,240000.0
AMR,Ecuador,2005,25000.0
AFR,Lesotho,2005,260000.0
AMR,Chile,2005,27000.0
EMR,Libya,2005,2700.0
AMR,Belize,2005,2800.0
SEAR,Nepal,2005,29000.0
AFR,Botswana,2005,290000.0
EUR,Ireland,2005,2900.0
SEAR,India,2005,3200000.0
AFR,Guinea-Bissau,2005,30000.0
EMR,Afghanistan,2005,3000.0
AMR,Honduras,2005,31000.0
AFR,Ghana,2005,310000.0
EMR,Yemen,2005,3100.0
EUR,Portugal,2005,34000.0
SEAR,Sri Lanka,2005,3400.0
EMR,Egypt,2005,3400.0
EMR,Sudan,2005,36000.0
AMR,Guatemala,2005,38000.0
SEAR,Bangladesh,2005,3800.0
AFR,Algeria,2005,3900.0
WPR,Philippines,2005,3900.0
AFR,South Africa,2005,4200000.0
EUR,Latvia,2005,4000.0
AMR,Suriname,2005,4000.0
AFR,Liberia,2005,41000.0
EUR,Kazakhstan,2005,4100.0
AFR,Gabon,2005,42000.0
AFR,Niger,2005,42000.0
AMR,Bahamas,2005,4200.0
AFR,Madagascar,2005,4300.0
WPR,Singapore,2005,4400.0
EUR,Denmark,2005,4700.0
AFR,Senegal,2005,48000.0
AMR,Brazil,2005,480000.0
AFR,Cameroon,2005,490000.0
WPR,Lao People's Democratic Republic,2005,5100.0
AMR,Guyana,2005,5200.0
AMR,Peru,2005,53000.0
EMR,Iran (Islamic Republic of),2005,54000.0
EUR,Belarus,2005,5700.0
AMR,Nicaragua,2005,5800.0
WPR,Malaysia,2005,59000.0
AFR,Côte d’Ivoire,2005,590000.0
AMR,Costa Rica,2005,6000.0
AFR,Democratic Republic of the Congo,2005,610000.0
AFR,Benin,2005,63000.0
AFR,Sierra Leone,2005,64000.0
EUR,Greece,2005,6400.0
SEAR,Thailand,2005,670000.0
AMR,Uruguay,2005,6800.0
EUR,Tajikistan,2005,700.0
AFR,Ethiopia,2005,710000.0
AMR,Dominican Republic,2005,76000.0
EUR,Croatia,2005,770.0
AFR,Congo,2005,81000.0
AMR,Argentina,2005,82000.0
WPR,Cambodia,2005,85000.0
EMR,Lebanon,2005,860.0
AMR,Paraguay,2005,8700.0
AFR,Guinea,2005,88000.0
EUR,Azerbaijan,2005,8800.0
EUR,Uzbekistan,2005,9000.0
AFR,Mauritania,2005,9200.0
AFR,Malawi,2005,930000.0
AFR,Zambia,2005,930000.0
AFR,Mauritius,2005,9400.0
SEAR,Bhutan,2005,950.0
EUR,Italy,2005,96000.0
AFR,Uganda,2005,970000.0
EUR,Republic of Moldova,2005,9700.0
AMR,Venezuela (Bolivarian Republic of),2005,98000.0
EUR,Montenegro,2004,100.0
EMR,Qatar,2004,100.0
EUR,Iceland,2004,200.0
AFR,Comoros,2004,200.0
WPR,Mongolia,2004,200.0
WPR,Fiji,2004,200.0
EUR,Slovakia,2004,500.0
SEAR,Timor-Leste,2004,500.0
EUR,Albania,2004,500.0
EMR,Bahrain,2004,500.0
EUR,Cyprus,2004,500.0
EUR,Slovenia,2004,500.0
EUR,Luxembourg,2004,500.0
EUR,Tajikistan,2004,500.0
EMR,Syrian Arab Republic,2004,500.0
AFR,United Republic of Tanzania,2004,1400000.0
AFR,Zimbabwe,2004,1400000.0
AFR,Kenya,2004,1500000.0
AFR,Nigeria,2004,1600000.0
AFR,Chad,2004,100000.0
EUR,France,2004,100000.0
AFR,South Sudan,2004,100000.0
AMR,Trinidad and Tobago,2004,11000.0
AFR,Burundi,2004,110000.0
AFR,Togo,2004,110000.0
AFR,Mali,2004,110000.0
EUR,Kyrgyzstan,2004,1100.0
EUR,Switzerland,2004,12000.0
AFR,Burkina Faso,2004,120000.0
EUR,Spain,2004,120000.0
AMR,Haiti,2004,130000.0
EMR,Oman,2004,1300.0
EMR,Djibouti,2004,14000.0
EUR,Netherlands,2004,14000.0
EUR,Romania,2004,14000.0
EMR,Morocco,2004,14000.0
AFR,Gambia,2004,15000.0
AMR,Cuba,2004,15000.0
EMR,Somalia,2004,15000.0
WPR,Australia,2004,15000.0
AFR,Central African Republic,2004,150000.0
AFR,Eswatini,2004,150000.0
EUR,Lithuania,2004,1500.0
EUR,Bulgaria,2004,1500.0
AFR,Angola,2004,160000.0
WPR,Viet Nam,2004,160000.0
AFR,Namibia,2004,160000.0
WPR,New Zealand,2004,1600.0
AMR,Barbados,2004,1600.0
AMR,Mexico,2004,170000.0
SEAR,Indonesia,2004,170000.0
AFR,Cabo Verde,2004,1700.0
AMR,Bolivia (Plurinational State of),2004,18000.0
AMR,El Salvador,2004,19000.0
AFR,Equatorial Guinea,2004,19000.0
AFR,Eritrea,2004,20000.0
AFR,Rwanda,2004,210000.0
EUR,Norway,2004,2100.0
WPR,Papua New Guinea,2004,22000.0
SEAR,Myanmar,2004,220000.0
EMR,Pakistan,2004,2200.0
EMR,Libya,2004,2300.0
AMR,Jamaica,2004,24000.0
EUR,Ukraine,2004,240000.0
AMR,Ecuador,2004,25000.0
AMR,Chile,2004,25000.0
AFR,Lesotho,2004,250000.0
AMR,Belize,2004,2500.0
EUR,Ireland,2004,2600.0
SEAR,Nepal,2004,27000.0
EMR,Afghanistan,2004,2700.0
AFR,Guinea-Bissau,2004,28000.0
AFR,Botswana,2004,290000.0
EMR,Yemen,2004,2900.0
SEAR,India,2004,3300000.0
EMR,Egypt,2004,3000.0
WPR,Philippines,2004,3000.0
SEAR,Bangladesh,2004,3000.0
AFR,Ghana,2004,310000.0
AMR,Honduras,2004,32000.0
SEAR,Sri Lanka,2004,3200.0
EUR,Kazakhstan,2004,3200.0
EUR,Portugal,2004,33000.0
AFR,Madagascar,2004,3400.0
EMR,Sudan,2004,35000.0
AFR,Algeria,2004,3500.0
AMR,Guatemala,2004,37000.0
AMR,Suriname,2004,3800.0
EUR,Latvia,2004,3900.0
AFR,South Africa,2004,4000000.0
AMR,Bahamas,2004,4000.0
WPR,Singapore,2004,4100.0
AFR,Gabon,2004,42000.0
AFR,Liberia,2004,42000.0
AFR,Niger,2004,42000.0
WPR,Lao People's Democratic Republic,2004,4400.0
EUR,Denmark,2004,4500.0
EMR,Iran (Islamic Republic of),2004,46000.0
AMR,Brazil,2004,460000.0
EUR,Belarus,2004,4600.0
AFR,Senegal,2004,47000.0
AFR,Cameroon,2004,480000.0
AMR,Guyana,2004,4800.0
AMR,Peru,2004,53000.0
AMR,Nicaragua,2004,5500.0
AMR,Costa Rica,2004,5600.0
WPR,Malaysia,2004,58000.0
EUR,Greece,2004,5900.0
EUR,Uzbekistan,2004,6100.0
AFR,Sierra Leone,2004,62000.0
AFR,Democratic Republic of the Congo,2004,620000.0
AFR,Côte d’Ivoire,2004,620000.0
AFR,Benin,2004,63000.0
AMR,Uruguay,2004,6500.0
SEAR,Thailand,2004,690000.0
EUR,Croatia,2004,710.0
AFR,Ethiopia,2004,740000.0
AMR,Dominican Republic,2004,76000.0
EUR,Azerbaijan,2004,7700.0
EMR,Lebanon,2004,780.0
AMR,Argentina,2004,79000.0
EUR,Georgia,2004,790.0
AFR,Congo,2004,80000.0
EMR,Tunisia,2004,840.0
AMR,Paraguay,2004,8400.0
AFR,Guinea,2004,86000.0
WPR,Cambodia,2004,86000.0
AFR,Mauritius,2004,8700.0
SEAR,Bhutan,2004,890.0
AFR,Mauritania,2004,8900.0
EUR,Republic of Moldova,2004,9000.0
EUR,Italy,2004,91000.0
AMR,Venezuela (Bolivarian Republic of),2004,92000.0
AFR,Malawi,2004,930000.0
AFR,Zambia,2004,930000.0
EUR,Serbia,2004,940.0
AFR,Uganda,2004,960000.0
AMR,Colombia,2004,98000.0
EMR,Qatar,2003,100.0
EUR,Iceland,2003,100.0
EUR,Montenegro,2003,100.0
AFR,Comoros,2003,200.0
WPR,Mongolia,2003,200.0
WPR,Fiji,2003,200.0
EUR,Albania,2003,500.0
EMR,Bahrain,2003,500.0
EUR,Slovakia,2003,500.0
EUR,Tajikistan,2003,500.0
SEAR,Timor-Leste,2003,500.0
EUR,Cyprus,2003,500.0
EUR,Luxembourg,2003,500.0
EUR,Slovenia,2003,500.0
EMR,Syrian Arab Republic,2003,500.0
AFR,United Republic of Tanzania,2003,1400000.0
AFR,Zimbabwe,2003,1500000.0
AFR,Kenya,2003,1500000.0
AFR,Nigeria,2003,1600000.0
AFR,Chad,2003,100000.0
AMR,Trinidad and Tobago,2003,11000.0
AFR,Togo,2003,110000.0
AFR,Mali,2003,110000.0
EMR,Pakistan,2003,1100.0
EUR,Switzerland,2003,12000.0
AFR,Burundi,2003,120000.0
EUR,Spain,2003,120000.0
AFR,Burkina Faso,2003,120000.0
EUR,Netherlands,2003,13000.0
EMR,Morocco,2003,13000.0
EUR,Romania,2003,13000.0
AMR,Haiti,2003,130000.0
SEAR,Indonesia,2003,130000.0
EMR,Oman,2003,1300.0
EMR,Djibouti,2003,14000.0
AFR,Gambia,2003,14000.0
AMR,Cuba,2003,14000.0
EMR,Somalia,2003,14000.0
WPR,Australia,2003,14000.0
AFR,Angola,2003,140000.0
EUR,Bulgaria,2003,1400.0
EUR,Lithuania,2003,1400.0
WPR,Viet Nam,2003,150000.0
AFR,Central African Republic,2003,150000.0
AFR,Eswatini,2003,150000.0
WPR,New Zealand,2003,1500.0
AMR,Barbados,2003,1500.0
AMR,Mexico,2003,160000.0
AFR,Namibia,2003,160000.0
AFR,Cabo Verde,2003,1600.0
AFR,Equatorial Guinea,2003,17000.0
AMR,Bolivia (Plurinational State of),2003,18000.0
AMR,El Salvador,2003,18000.0
WPR,Papua New Guinea,2003,19000.0
EMR,Libya,2003,1900.0
AFR,Eritrea,2003,20000.0
SEAR,Myanmar,2003,200000.0
EUR,Norway,2003,2000.0
AFR,Rwanda,2003,220000.0
AMR,Belize,2003,2200.0
EUR,Ukraine,2003,230000.0
EUR,Ireland,2003,2300.0
WPR,Philippines,2003,2300.0
AMR,Ecuador,2003,24000.0
AMR,Chile,2003,24000.0
AMR,Jamaica,2003,24000.0
EMR,Afghanistan,2003,2400.0
EUR,Kazakhstan,2003,2400.0
SEAR,Bangladesh,2003,2400.0
SEAR,Nepal,2003,25000.0
AFR,Lesotho,2003,250000.0
EMR,Egypt,2003,2500.0
AFR,Madagascar,2003,2600.0
AFR,Guinea-Bissau,2003,27000.0
EMR,Yemen,2003,2700.0
AFR,Botswana,2003,290000.0
SEAR,Sri Lanka,2003,2900.0
SEAR,India,2003,3500000.0
AFR,South Africa,2003,3800000.0
AFR,Ghana,2003,310000.0
EUR,Portugal,2003,32000.0
AFR,Algeria,2003,3200.0
AMR,Honduras,2003,33000.0
EMR,Sudan,2003,34000.0
EUR,Belarus,2003,3600.0
AMR,Suriname,2003,3600.0
EMR,Iran (Islamic Republic of),2003,37000.0
AMR,Guatemala,2003,37000.0
EUR,Uzbekistan,2003,3700.0
WPR,Lao People's Democratic Republic,2003,3800.0
WPR,Singapore,2003,3900.0
EUR,Latvia,2003,3900.0
AMR,Bahamas,2003,4000.0
AFR,Gabon,2003,41000.0
AFR,Liberia,2003,43000.0
AFR,Niger,2003,43000.0
AMR,Brazil,2003,430000.0
EUR,Denmark,2003,4400.0
AFR,Senegal,2003,45000.0
AMR,Guyana,2003,4500.0
AFR,Cameroon,2003,460000.0
AMR,Nicaragua,2003,5100.0
AMR,Costa Rica,2003,5100.0
AMR,Peru,2003,52000.0
EUR,Greece,2003,5500.0
WPR,Malaysia,2003,56000.0
EUR,Georgia,2003,570.0
AFR,Sierra Leone,2003,60000.0
AFR,Benin,2003,62000.0
AFR,Democratic Republic of the Congo,2003,620000.0
AMR,Uruguay,2003,6200.0
EMR,Tunisia,2003,630.0
AFR,Côte d’Ivoire,2003,640000.0
EUR,Azerbaijan,2003,6400.0
EUR,Croatia,2003,650.0
EMR,Lebanon,2003,690.0
SEAR,Thailand,2003,720000.0
AMR,Argentina,2003,75000.0
EUR,Kyrgyzstan,2003,750.0
AMR,Dominican Republic,2003,76000.0
AFR,Ethiopia,2003,770000.0
AFR,Mauritius,2003,7900.0
AFR,Congo,2003,80000.0
SEAR,Bhutan,2003,800.0
AMR,Paraguay,2003,8000.0
AFR,Guinea,2003,84000.0
AMR,Venezuela (Bolivarian Republic of),2003,84000.0
EUR,Republic of Moldova,2003,8400.0
AFR,Mauritania,2003,8500.0
EUR,Serbia,2003,860.0
EUR,Italy,2003,87000.0
WPR,Cambodia,2003,87000.0
AFR,Zambia,2003,920000.0
AFR,Malawi,2003,940000.0
AMR,Colombia,2003,95000.0
AFR,Uganda,2003,950000.0
EUR,France,2003,96000.0
AFR,South Sudan,2003,97000.0
EUR,Montenegro,2002,100.0
EMR,Qatar,2002,100.0
AFR,Comoros,2002,100.0
EUR,Iceland,2002,100.0
WPR,Mongolia,2002,100.0
EUR,Tajikistan,2002,200.0
WPR,Fiji,2002,200.0
EUR,Albania,2002,200.0
EUR,Slovakia,2002,200.0
EMR,Bahrain,2002,500.0
EUR,Slovenia,2002,500.0
SEAR,Timor-Leste,2002,500.0
EUR,Cyprus,2002,500.0
EUR,Georgia,2002,500.0
EUR,Luxembourg,2002,500.0
EMR,Syrian Arab Republic,2002,500.0
EUR,Kyrgyzstan,2002,500.0
EMR,Tunisia,2002,500.0
AFR,United Republic of Tanzania,2002,1400000.0
AFR,Zimbabwe,2002,1500000.0
AFR,Kenya,2002,1500000.0
AFR,Nigeria,2002,1600000.0
AMR,Trinidad and Tobago,2002,10000.0
AFR,Chad,2002,100000.0
EUR,Switzerland,2002,11000.0
AFR,Togo,2002,110000.0
AFR,Mali,2002,110000.0
EMR,Morocco,2002,12000.0
EUR,Netherlands,2002,12000.0
EUR,Romania,2002,12000.0
EUR,Spain,2002,120000.0
AFR,Burundi,2002,120000.0
EMR,Oman,2002,1200.0
AFR,Gambia,2002,13000.0
WPR,Australia,2002,13000.0
AMR,Cuba,2002,13000.0
AFR,Angola,2002,130000.0
AFR,Burkina Faso,2002,130000.0
EMR,Djibouti,2002,14000.0
EMR,Somalia,2002,14000.0
AMR,Haiti,2002,140000.0
WPR,Viet Nam,2002,140000.0
AFR,Eswatini,2002,140000.0
EUR,Bulgaria,2002,1400.0
EUR,Lithuania,2002,1400.0
WPR,New Zealand,2002,1400.0
AMR,Barbados,2002,1400.0
AFR,Equatorial Guinea,2002,15000.0
AMR,Mexico,2002,150000.0
WPR,Papua New Guinea,2002,16000.0
AFR,Central African Republic,2002,160000.0
AFR,Namibia,2002,160000.0
AFR,Cabo Verde,2002,1600.0
EMR,Libya,2002,1600.0
AMR,Bolivia (Plurinational State of),2002,17000.0
WPR,Philippines,2002,1700.0
AMR,El Salvador,2002,18000.0
EUR,Kazakhstan,2002,1800.0
SEAR,Bangladesh,2002,1800.0
SEAR,Myanmar,2002,190000.0
AMR,Belize,2002,1900.0
AFR,Eritrea,2002,20000.0
AFR,Madagascar,2002,2000.0
EUR,Norway,2002,2000.0
EUR,Ireland,2002,2000.0
SEAR,Nepal,2002,22000.0
AMR,Chile,2002,22000.0
EUR,Ukraine,2002,220000.0
AFR,Rwanda,2002,220000.0
EMR,Afghanistan,2002,2200.0
EMR,Egypt,2002,2200.0
AMR,Ecuador,2002,23000.0
AMR,Jamaica,2002,24000.0
AFR,Lesotho,2002,240000.0
AFR,Guinea-Bissau,2002,25000.0
EUR,Uzbekistan,2002,2500.0
EMR,Yemen,2002,2500.0
SEAR,Sri Lanka,2002,2700.0
AFR,Botswana,2002,280000.0
AFR,Algeria,2002,2800.0
EMR,Iran (Islamic Republic of),2002,29000.0
EUR,Belarus,2002,2900.0
SEAR,India,2002,3500000.0
AFR,South Africa,2002,3500000.0
AFR,Ghana,2002,300000.0
EUR,Portugal,2002,31000.0
WPR,Lao People's Democratic Republic,2002,3200.0
EMR,Sudan,2002,33000.0
AMR,Honduras,2002,33000.0
AMR,Suriname,2002,3300.0
WPR,Singapore,2002,3500.0
AMR,Guatemala,2002,36000.0
EUR,Latvia,2002,3700.0
AFR,Gabon,2002,40000.0
AMR,Brazil,2002,400000.0
AMR,Bahamas,2002,4000.0
AMR,Guyana,2002,4100.0
AFR,Niger,2002,42000.0
EUR,Denmark,2002,4200.0
AFR,Senegal,2002,43000.0
AFR,Liberia,2002,44000.0
AFR,Cameroon,2002,450000.0
AMR,Nicaragua,2002,4700.0
AMR,Costa Rica,2002,4700.0
EUR,Azerbaijan,2002,4900.0
EUR,Greece,2002,5100.0
AMR,Peru,2002,52000.0
WPR,Malaysia,2002,55000.0
AFR,Sierra Leone,2002,56000.0
EUR,Croatia,2002,600.0
AMR,Uruguay,2002,6000.0
AFR,Benin,2002,61000.0
EMR,Lebanon,2002,620.0
AFR,Democratic Republic of the Congo,2002,630000.0
AFR,Côte d’Ivoire,2002,660000.0
SEAR,Bhutan,2002,690.0
AFR,Mauritius,2002,7000.0
AMR,Argentina,2002,71000.0
AMR,Venezuela (Bolivarian Republic of),2002,74000.0
SEAR,Thailand,2002,740000.0
AMR,Dominican Republic,2002,75000.0
AMR,Paraguay,2002,7600.0
EUR,Republic of Moldova,2002,7800.0
AFR,Ethiopia,2002,790000.0
AFR,Congo,2002,80000.0
EMR,Pakistan,2002,800.0
AFR,Mauritania,2002,8100.0
AFR,Guinea,2002,82000.0
EUR,Italy,2002,82000.0
EUR,Serbia,2002,850.0
WPR,Cambodia,2002,87000.0
EUR,France,2002,90000.0
AMR,Colombia,2002,91000.0
AFR,Zambia,2002,910000.0
AFR,South Sudan,2002,92000.0
SEAR,Indonesia,2002,94000.0
AFR,Malawi,2002,950000.0
AFR,Uganda,2002,950000.0
WPR,Mongolia,2001,100.0
EUR,Montenegro,2001,100.0
EMR,Qatar,2001,100.0
AFR,Comoros,2001,100.0
EUR,Iceland,2001,100.0
EUR,Tajikistan,2001,100.0
EUR,Albania,2001,200.0
WPR,Fiji,2001,200.0
EUR,Slovakia,2001,200.0
EMR,Bahrain,2001,500.0
EUR,Slovenia,2001,500.0
SEAR,Timor-Leste,2001,500.0
EUR,Kyrgyzstan,2001,500.0
EMR,Tunisia,2001,500.0
EUR,Cyprus,2001,500.0
EUR,Georgia,2001,500.0
EUR,Luxembourg,2001,500.0
EMR,Syrian Arab Republic,2001,500.0
AFR,United Republic of Tanzania,2001,1400000.0
AFR,Zimbabwe,2001,1600000.0
AFR,Kenya,2001,1600000.0
AFR,Nigeria,2001,1600000.0
AFR,Chad,2001,100000.0
AFR,Mali,2001,100000.0
EMR,Morocco,2001,11000.0
EUR,Netherlands,2001,11000.0
EUR,Switzerland,2001,11000.0
EUR,Spain,2001,110000.0
AFR,Togo,2001,110000.0
EUR,Romania,2001,12000.0
AMR,Cuba,2001,12000.0
WPR,Australia,2001,12000.0
AFR,Gambia,2001,12000.0
AFR,Angola,2001,120000.0
EMR,Oman,2001,1200.0
WPR,Papua New Guinea,2001,13000.0
EMR,Somalia,2001,13000.0
AFR,Burundi,2001,130000.0
WPR,Viet Nam,2001,130000.0
AFR,Burkina Faso,2001,130000.0
EUR,Lithuania,2001,1300.0
EUR,Kazakhstan,2001,1300.0
WPR,New Zealand,2001,1300.0
EUR,Bulgaria,2001,1300.0
SEAR,Bangladesh,2001,1300.0
EMR,Libya,2001,1300.0
WPR,Philippines,2001,1300.0
AMR,Barbados,2001,1300.0
EMR,Djibouti,2001,14000.0
AFR,Equatorial Guinea,2001,14000.0
AMR,Haiti,2001,140000.0
AFR,Eswatini,2001,140000.0
AMR,Mexico,2001,140000.0
AFR,Namibia,2001,150000.0
AFR,Madagascar,2001,1500.0
AFR,Central African Republic,2001,160000.0
AFR,Cabo Verde,2001,1600.0
AMR,Belize,2001,1600.0
AMR,Bolivia (Plurinational State of),2001,17000.0
AMR,El Salvador,2001,17000.0
EUR,Uzbekistan,2001,1700.0
SEAR,Myanmar,2001,180000.0
EUR,Ireland,2001,1800.0
SEAR,Nepal,2001,19000.0
EMR,Afghanistan,2001,1900.0
EMR,Egypt,2001,1900.0
EUR,Norway,2001,1900.0
AFR,Eritrea,2001,20000.0
AMR,Chile,2001,20000.0
EUR,Ukraine,2001,200000.0
EMR,Iran (Islamic Republic of),2001,21000.0
AMR,Ecuador,2001,21000.0
AFR,Rwanda,2001,220000.0
EUR,Belarus,2001,2200.0
AFR,Guinea-Bissau,2001,23000.0
AFR,Lesotho,2001,230000.0
AMR,Jamaica,2001,24000.0
SEAR,Sri Lanka,2001,2400.0
EMR,Yemen,2001,2400.0
AFR,Algeria,2001,2500.0
WPR,Lao People's Democratic Republic,2001,2500.0
AFR,Botswana,2001,280000.0
AFR,South Africa,2001,3200000.0
SEAR,India,2001,3600000.0
EUR,Portugal,2001,30000.0
AFR,Ghana,2001,300000.0
AMR,Suriname,2001,3100.0
EMR,Sudan,2001,32000.0
WPR,Singapore,2001,3200.0
AMR,Guatemala,2001,34000.0
AMR,Honduras,2001,34000.0
EUR,Latvia,2001,3500.0
EUR,Azerbaijan,2001,3600.0
AMR,Brazil,2001,370000.0
AMR,Guyana,2001,3700.0
AFR,Gabon,2001,39000.0
AFR,Senegal,2001,40000.0
EUR,Denmark,2001,4000.0
AMR,Bahamas,2001,4000.0
AFR,Niger,2001,41000.0
AFR,Cameroon,2001,420000.0
AMR,Nicaragua,2001,4200.0
AMR,Costa Rica,2001,4300.0
AFR,Liberia,2001,45000.0
EUR,Greece,2001,4800.0
WPR,Malaysia,2001,53000.0
AMR,Peru,2001,53000.0
AFR,Sierra Leone,2001,53000.0
EUR,Croatia,2001,540.0
EMR,Lebanon,2001,550.0
AMR,Uruguay,2001,5700.0
SEAR,Bhutan,2001,580.0
AFR,Benin,2001,59000.0
EMR,Pakistan,2001,600.0
AFR,Mauritius,2001,6000.0
SEAR,Indonesia,2001,61000.0
AMR,Venezuela (Bolivarian Republic of),2001,62000.0
AFR,Democratic Republic of the Congo,2001,630000.0
AMR,Argentina,2001,67000.0
AFR,Côte d’Ivoire,2001,680000.0
AMR,Paraguay,2001,7100.0
EUR,Republic of Moldova,2001,7300.0
AMR,Dominican Republic,2001,74000.0
SEAR,Thailand,2001,760000.0
AFR,Mauritania,2001,7600.0
EUR,Italy,2001,77000.0
AFR,Guinea,2001,78000.0
AFR,Congo,2001,80000.0
AFR,Ethiopia,2001,820000.0
EUR,France,2001,84000.0
AFR,South Sudan,2001,86000.0
WPR,Cambodia,2001,87000.0
AMR,Colombia,2001,88000.0
EUR,Serbia,2001,890.0
AFR,Zambia,2001,900000.0
AFR,Malawi,2001,950000.0
AFR,Uganda,2001,950000.0
AMR,Trinidad and Tobago,2001,9700.0
EUR,Iceland,2000,100.0
WPR,Mongolia,2000,100.0
EUR,Montenegro,2000,100.0
EMR,Qatar,2000,100.0
AFR,Comoros,2000,100.0
EUR,Tajikistan,2000,100.0
EUR,Albania,2000,200.0
EUR,Kyrgyzstan,2000,200.0
WPR,Fiji,2000,200.0
EUR,Slovakia,2000,200.0
EMR,Bahrain,2000,200.0
EUR,Georgia,2000,200.0
EUR,Slovenia,2000,200.0
SEAR,Timor-Leste,2000,200.0
SEAR,Bhutan,2000,500.0
EMR,Syrian Arab Republic,2000,500.0
EMR,Tunisia,2000,500.0
EUR,Cyprus,2000,500.0
EUR,Luxembourg,2000,500.0
EMR,Pakistan,2000,500.0
EUR,Croatia,2000,500.0
AFR,United Republic of Tanzania,2000,1400000.0
AFR,Nigeria,2000,1600000.0
AFR,Kenya,2000,1600000.0
AFR,Zimbabwe,2000,1600000.0
WPR,Papua New Guinea,2000,10000.0
EMR,Morocco,2000,10000.0
EUR,Netherlands,2000,10000.0
AFR,Togo,2000,100000.0
AFR,Chad,2000,100000.0
AFR,Angola,2000,100000.0
AFR,Mali,2000,100000.0
EMR,Libya,2000,1000.0
EUR,Romania,2000,11000.0
WPR,Australia,2000,11000.0
AFR,Gambia,2000,11000.0
EUR,Switzerland,2000,11000.0
EUR,Spain,2000,110000.0
EUR,Uzbekistan,2000,1100.0
AFR,Madagascar,2000,1100.0
EMR,Somalia,2000,12000.0
AMR,Cuba,2000,12000.0
AFR,Equatorial Guinea,2000,12000.0
WPR,Viet Nam,2000,120000.0
EMR,Oman,2000,1200.0
EUR,Bulgaria,2000,1200.0
WPR,New Zealand,2000,1200.0
EMR,Djibouti,2000,13000.0
AFR,Eswatini,2000,130000.0
AMR,Mexico,2000,130000.0
AFR,Burundi,2000,130000.0
AMR,Barbados,2000,1300.0
AMR,Belize,2000,1300.0
AMR,Haiti,2000,140000.0
AFR,Burkina Faso,2000,140000.0
AFR,Namibia,2000,140000.0
SEAR,Nepal,2000,15000.0
EMR,Iran (Islamic Republic of),2000,15000.0
AFR,Cabo Verde,2000,1500.0
EUR,Ireland,2000,1500.0
AMR,Bolivia (Plurinational State of),2000,16000.0
AMR,El Salvador,2000,16000.0
AFR,Central African Republic,2000,160000.0
SEAR,Myanmar,2000,160000.0
EMR,Egypt,2000,1600.0
EUR,Belarus,2000,1700.0
EMR,Afghanistan,2000,1700.0
AMR,Chile,2000,18000.0
EUR,Ukraine,2000,180000.0
EUR,Norway,2000,1800.0
AFR,Eritrea,2000,19000.0
WPR,Lao People's Democratic Republic,2000,1900.0
AFR,South Africa,2000,2900000.0
AMR,Ecuador,2000,20000.0
AFR,Guinea-Bissau,2000,20000.0
SEAR,Sri Lanka,2000,2000.0
AFR,Rwanda,2000,210000.0
AFR,Lesotho,2000,220000.0
AFR,Algeria,2000,2200.0
EMR,Yemen,2000,2200.0
AMR,Jamaica,2000,24000.0
EUR,Azerbaijan,2000,2500.0
AFR,Botswana,2000,270000.0
EUR,Portugal,2000,28000.0
AMR,Suriname,2000,2800.0
WPR,Singapore,2000,2900.0
SEAR,India,2000,3600000.0
EMR,Sudan,2000,30000.0
AFR,Ghana,2000,300000.0
AMR,Guatemala,2000,32000.0
EUR,Latvia,2000,3200.0
AMR,Guyana,2000,3300.0
AMR,Honduras,2000,34000.0
AMR,Brazil,2000,340000.0
AFR,Senegal,2000,36000.0
AMR,Nicaragua,2000,3700.0
AFR,Gabon,2000,38000.0
EUR,Denmark,2000,3900.0
AFR,Niger,2000,40000.0
SEAR,Indonesia,2000,40000.0
AFR,Cameroon,2000,400000.0
AMR,Costa Rica,2000,4000.0
AMR,Bahamas,2000,4100.0
AFR,Liberia,2000,45000.0
EUR,Greece,2000,4500.0
AFR,Mauritius,2000,4900.0
AMR,Venezuela (Bolivarian Republic of),2000,50000.0
AFR,Sierra Leone,2000,50000.0
EMR,Lebanon,2000,500.0
WPR,Malaysia,2000,51000.0
AMR,Peru,2000,53000.0
AMR,Uruguay,2000,5400.0
AFR,Benin,2000,57000.0
AMR,Argentina,2000,63000.0
AFR,Democratic Republic of the Congo,2000,640000.0
AMR,Paraguay,2000,6600.0
EUR,Republic of Moldova,2000,6800.0
AFR,Côte d’Ivoire,2000,690000.0
AFR,Mauritania,2000,7000.0
AMR,Dominican Republic,2000,72000.0
EUR,Italy,2000,73000.0
AFR,Guinea,2000,75000.0
EUR,France,2000,78000.0
SEAR,Thailand,2000,780000.0
AFR,Congo,2000,80000.0
AFR,South Sudan,2000,80000.0
AFR,Ethiopia,2000,830000.0
AMR,Colombia,2000,84000.0
WPR,Cambodia,2000,85000.0
EUR,Kazakhstan,2000,850.0
AFR,Zambia,2000,880000.0
AMR,Trinidad and Tobago,2000,9000.0
SEAR,Bangladesh,2000,920.0
EUR,Serbia,2000,940.0
AFR,Malawi,2000,950000.0
AFR,Uganda,2000,950000.0
EUR,Lithuania,2000,960.0
WPR,Philippines,2000,990.0
